GALAXY GLASS,Accessories and Other Apparel Manufacturers,Pg1-6,GALAXY GLASS,(561) 756-2702,http://galaxyglass468089322.localsearch.com,,,,,,,,,,,,,,,,,,,,,,,,,,,,,,,,,202003489590,Link,202003489590,Filed,07/17/2020,07/17/2030,02/09/2026,202003489590,1,0,,1,"GALAXY GLASS LLC
3395 LAKE WORTH RD SUITE#5
LAKE WORTH, FL 33461",[],1,2462769
ISLAND PLANET,Accessories and Other Apparel Manufacturers,Pg1-8,ISLAND PLANET,(954) 927-9915,http://www.islandplanet.com,,,,,,,,,,,,,,,,,,,,,,,,,,,,,,,,,202203813869,Link,202203813869,Filed,12/05/2022,12/05/2027,02/09/2026,202203813869,1,0,,2,"BONNIE BROWN DESIGNS, INC.
3290 NORTH 29TH COURT
HOLLYWOOD, FL 33020

---

ISLAND PLANET
3290 NORTH 296TH COURT
HOLLYWOOD, FL 33020",[],1,3225329
SPLIT INC,Accessories and Other Apparel Manufacturers,Pg1-13,SPLIT INC,(954) 920-8889,https://lucky7usa.com,,,,,,,,,,,,,,,,,,,,,,,,,,,,,,,,,201308308548,Link,201308308548,Lapsed,01/24/2013,01/24/2018,02/09/2026,201308308548,1,0,,1,"SPLIT INC
1210 STIRLING ROAD SUITE 7B
DANIA, FL 33004-3536",[],1,6063941
LA MODA HINDU,Accessories and Other Apparel Manufacturers,Pg1-16,LA MODA HINDU,(305) 636-4447,http://lamodahindu.en.ecplaza.net,,,,,,,,,,,,,,,,,,,,,,,,,,,,,,,,,20220096975X,Link,20220096975X,Filed,03/28/2022,03/28/2027,02/09/2026,20220096975X,0,0,,1,"LA MODA HINDU
20871 JOHNSON ST STE 113
PEMBROKE PNES, FL 33029",[],1,3656733
FOUR SEASONS APPAREL,Accessories and Other Apparel Manufacturers,Pg1-17,FOUR SEASONS APPAREL,(305) 621-1373,http://fourseasonsapparel.net,,,,,,,,,,,,,,,,,,,,,,,,,,,,,,,,,202001909975,Link,202001909975,Filed,05/31/2020,05/31/2030,02/09/2026,202001909975,1,0,,1,"FOUR SEASONS APPAREL, MIAMI, INC
4910 MASSACHUSETTS AVENUE, NW, SUITE 210
WASHINGTON, DC 20016",[],1,2375802
ARTESANO CREATIONS,Accessories and Other Apparel Manufacturers,Pg1-18,ARTESANO CREATIONS,(305) 576-1909,https://artesano.net/pages/contact-us,,,,,,,,,,,,,,,,,,,,,,,,,,,,,,,,,201300232003,Link,201300232003,Lapsed,11/18/2013,11/18/2018,02/09/2026,201300232003,1,0,,1,"ARTESANO CREATIONS, LLC
540 NW 28TH STREET
MIAMI, FL 33131",[],1,434558
LEO FASHIONS INC,Accessories and Other Apparel Manufacturers,Pg1-21,LEO FASHIONS INC,(305) 887-1032,http://leoninefashion.com,,,,,,,,,,,,,,,,,,,,,,,,,,,,,,,,,950000031633,Link,950000031633,Lapsed,02/15/1995,02/15/2000,02/09/2026,950000031633,0,0,,1,"LEO FASHIONS INC
230 W 23 ST
HIALEAH, FL 33010",[],2,3791420
GLOBAX LLC,Accessories and Other Apparel Manufacturers,Pg1-30,GLOBAX LLC,(305) 890-4087,http://www.globax.org,,,,,,,,,,,,,,,,,,,,,,,,,,,,,,,,,202002247585,Link,202002247585,Filed,06/13/2020,06/13/2030,02/09/2026,202002247585,1,0,,1,"GLOBAX LLC
1900 NW 82ND AVE
DORAL, FL 33126",[],1,2597951
ACU CARE CENTER,Acupuncturists,Pg1-8,ACU CARE CENTER,(954) 404-9471,http://acucarecenter.localsearch.com,,,,,,,,,,,,,,,,,,,,,,,,,,,,,,,,,20110466009X,Link,20110466009X,Lapsed,05/25/2011,05/25/2016,02/09/2026,20110466009X,1,0,,1,"ACU CARE CENTER, LLC
8603 S DIXIE HWY STE 208
MIAMI, FL 33143",[],1,139861
SOUTHEAST FLORIDA UROLOGY,Acupuncturists,Pg1-10,SOUTHEAST FLORIDA UROLOGY,(954) 392-6606,http://www.robertshermanmd.com,,,,,,,,,,,,,,,,,,,,,,,,,,,,,,,,,202400784440,Link,202400784440,Filed,03/26/2024,03/26/2029,02/09/2026,202400784440,2,0,,1,"SOUTHEAST FLORIDA UROLOGY LLC
500 N HIATUS RD STE 107
PEMBROKE PNES, FL 33026",[],1,6008715
VU NGUYEN,Acupuncturists,Pg1-24,VU NGUYEN,(954) 239-3628,N/A,,,,,,,,,,,,,,,,,,,,,,,,,,,,,,,,,970000036389,Link,970000036389,Lapsed,02/19/1997,02/19/2002,02/09/2026,970000036389,0,0,,1,"VU NGUYEN MD
5616 GRAND BLVD #C
NEW PORT RICHEY, FL 34652",[],1,6826390
ACUMED USA,Acupuncturists,Pg2-5,ACUMED USA,(954) 239-3628,http://acumedusa.com,,,,,,,,,,,,,,,,,,,,,,,,,,,,,,,,,202003828557,Link,202003828557,Filed,08/02/2020,08/02/2030,02/09/2026,202003828557,1,0,,1,"ACUMED  USA, P.A.
8994 TAFT STREET
PEMBROKE PINES, FL 33024",[],1,140025
STIRLING SPINAL,Acupuncturists,Pg2-9,STIRLING SPINAL,(954) 392-7700,http://stirlingspine.com,,,,,,,,,,,,,,,,,,,,,,,,,,,,,,,,,201900447353,Link,201900447353,Lapsed,12/20/2019,12/20/2024,02/09/2026,201900447353,1,0,,1,"STIRLING SPINAL HEALTH AND WELLNESS, PA
9710 STIRLING RD STE 112
COOPER CITY, FL 33024-0000",[],1,6150661
FLORIDA COMPLETE WELLNESS,Acupuncturists,Pg2-15,FLORIDA COMPLETE WELLNESS,(954) 765-6505,http://floridacompletewellness.com,,,,,,,,,,,,,,,,,,,,,,,,,,,,,,,,,202203828437,Link,202203828437,Filed,12/06/2022,12/06/2027,02/09/2026,202203828437,0,0,,1,"FLORIDA COMPLETE WELLNESS, INC.
3408 WEST 84TH ST STE 309
HIALEAH GARDENS, FL 33018",[],1,2302392
FAMILY ACUPUNCTURE,Acupuncturists,Pg2-22,FAMILY ACUPUNCTURE,(954) 895-4849,https://www.familyacupuncture.com,,,,,,,,,,,,,,,,,,,,,,,,,,,,,,,,,202001773038,Link,202001773038,Filed,05/27/2020,05/27/2030,02/09/2026,202001773038,1,0,,1,"FAMILY ACUPUNCTURE
1968 OCALA RD
NORTH PALM BEACH, FL 333408",[],1,2173314
CHEBERE APPETITE INC,Acupuncturists,Pg3-4,CHEBERE APPETITE INC,(305) 454-1900,https://www.sergioscatering.com/food-and-restaurants-about-us,,,,,,,,,,,,,,,,,,,,,,,,,,,,,,,,,202300792123,Link,202300792123,Filed,03/23/2023,03/23/2028,02/09/2026,202300792123,0,0,,1,"CHEBERE APPETITE, INC
4720 NW 167TH ST
MIAMI LAKES, FL 33014",[],5,1269353
JOINT REGENERATION INSTITUTE INC,Acupuncturists,Pg3-5,JOINT REGENERATION INSTITUTE INC,(954) 367-5648,http://jointregenerationinstituteinc.localsearch.com,,,,,,,,,,,,,,,,,,,,,,,,,,,,,,,,,202108280784,Link,202108280784,Filed,8/30/2021,8/30/2026,02/09/2026,202108280784,0,0,,1,"JOINT REGENERATION INSTITUTE, INC.
15086 SW 22ND ST STE 100
MIRAMAR, FL 33027",[],1,3403658
FLORIDA COMPLETE WELLNESS,Acupuncturists,Pg3-20,FLORIDA COMPLETE WELLNESS,(954) 765-6505,https://floridacompletewellness.com,,,,,,,,,,,,,,,,,,,,,,,,,,,,,,,,,202203828437,Link,202203828437,Filed,12/06/2022,12/06/2027,02/09/2026,202203828437,0,0,,1,"FLORIDA COMPLETE WELLNESS, INC.
3408 WEST 84TH ST STE 309
HIALEAH GARDENS, FL 33018",[],1,2302392
EASTERN ACUPUNCTURE AND WELLNESS,Acupuncturists,Pg3-23,EASTERN ACUPUNCTURE AND WELLNESS,(954) 400-5504,http://easternacupunctureandwellness.localsearch.com,,,,,,,,,,,,,,,,,,,,,,,,,,,,,,,,,20250465375X,Link,20250465375X,Filed,12/11/2025,12/11/2030,02/09/2026,20250465375X,0,0,,1,"EASTERN ACUPUNCTURE AND WELLNESS LLC
13224 W BROWARD BLVD
PLANTATION, FL 33325",[],2,1989205
GLOBAL TCM,Acupuncturists,Pg3-25,GLOBAL TCM,(954) 647-5539,http://www.globaltcm.com,,,,,,,,,,,,,,,,,,,,,,,,,,,,,,,,,202002392011,Link,202002392011,Filed,06/18/2020,06/18/2030,02/09/2026,202002392011,1,0,,1,"GLOBAL TCM, LLC
7730 PETERS RD
PLANTATION, FL 33324",[],1,2596816
VIDA CHIROPRACTIC MIAMI,Acupuncturists,Pg3-30,VIDA CHIROPRACTIC MIAMI,(305) 603-8408,https://www.vidachiropracticmiami.com,,,,,,,,,,,,,,,,,,,,,,,,,,,,,,,,,202500635889,Link,202500635889,Filed,3/13/2025,3/13/2030,02/09/2026,202500635889,0,0,,3,"VIDA CHIROPRACTIC MIAMI, INC
3420 W. 84TH STREET, UNIT 102
HIALEAH, FL 33018

---

ALVAREZ MILAGROS
3420 W. 84TH STREET, UNIT 102
HIALEAH, FL 33018

---

GONZALEZ DELGADO DANAY SUSANA
3420 W. 84TH STREET, UNIT 102
HIALEAH, FL 33018",[],2,6786308
"ACUHEALTH, LLC",Acupuncturists,Pg4-3,"ACUHEALTH, LLC",(305) 336-3370,http://acuhealthllc.localsearch.com,,,,,,,,,,,,,,,,,,,,,,,,,,,,,,,,,202004874706,Link,202004874706,Lapsed,09/28/2020,09/28/2025,02/09/2026,202004874706,0,0,,2,"ACUHEALTH SOLUTIONS LLC
777 BRICKELL AVE, SUITE 500
MIAMI, FL 33131

---

E & L HEALTH SERVICES INC.
8500 SW 8 STREET, SUITE 260
MIAMI, FL 33144",[],1,139979
NATURAL SOLUTIONS CHIROPRACTIC,Acupuncturists,Pg4-6,NATURAL SOLUTIONS CHIROPRACTIC,(954) 217-0234,https://nschiropractic.com/contact.html,,,,,,,,,,,,,,,,,,,,,,,,,,,,,,,,,201104906404,Link,201104906404,Lapsed,07/06/2011,07/06/2016,02/09/2026,201104906404,0,0,,2,"NATURAL SOLUTIONS CHIROPRACTIC, INC.
1415 SAINT GABRIEL LANE #3706
WESTON, FL 33331

---

RENSLOW BRETT
1415 SAINT GABRIEL LANE #3706
WESTON, FL 33331",[],1,4549449
EASTERN ACUPUNCTURE AND WELLNESS,Acupuncturists,Pg4-9,EASTERN ACUPUNCTURE AND WELLNESS,(954) 400-5504,http://e-acuwell.com,,,,,,,,,,,,,,,,,,,,,,,,,,,,,,,,,20250465375X,Link,20250465375X,Filed,12/11/2025,12/11/2030,02/09/2026,20250465375X,0,0,,1,"EASTERN ACUPUNCTURE AND WELLNESS LLC
13224 W BROWARD BLVD
PLANTATION, FL 33325",[],2,1989205
ADVANCED ACUPUNCTURE,Acupuncturists,Pg4-15,ADVANCED ACUPUNCTURE,(954) 987-6988,https://www.advancedalternativecare.com,,,,,,,,,,,,,,,,,,,,,,,,,,,,,,,,,201804432294,Link,201804432294,Lapsed,03/12/2018,03/12/2023,02/09/2026,201804432294,0,0,,1,"ADVANCED ACUPUNCTURE, INC.
3301 JOHNSON STREET
HOLLYWOOD, FL 33021",[],1,161422
GRAND MANTIS ACUPUNCTURE,Acupuncturists,Pg4-25,GRAND MANTIS ACUPUNCTURE,(954) 929-9939,http://grandmantisacupuncture.com,,,,,,,,,,,,,,,,,,,,,,,,,,,,,,,,,202003303977,Link,202003303977,Filed,07/10/2020,07/10/2030,02/09/2026,202003303977,1,0,,1,"GRAND MANTIS ACUPUNCTURE PA
1412 SOUTH 2OTH AVE
HOLLYWOOD, FL 33020",[],1,2675886
OPTIMUM HEALTH ACUPUNCTURE,Acupuncturists,Pg5-4,OPTIMUM HEALTH ACUPUNCTURE,(754) 263-7870,http://optimumhealthacupuncture.com,,,,,,,,,,,,,,,,,,,,,,,,,,,,,,,,,202004260996,Link,202004260996,Filed,08/14/2020,08/14/2030,02/09/2026,202004260996,1,0,,1,"OPTIMUM HEALTH ACUPUNCTURE INC
501 GOLDEN ISLE DRIVE SUITE 201-E
HALLANDALE BEACH, FL 33009",[],1,4742765
FLORIDA COMPLETE WELLNESS,Acupuncturists,Pg5-12,FLORIDA COMPLETE WELLNESS,(954) 241-0271,http://floridacompletewellness453203019.localsearch.com,,,,,,,,,,,,,,,,,,,,,,,,,,,,,,,,,202203828437,Link,202203828437,Filed,12/06/2022,12/06/2027,02/09/2026,202203828437,0,0,,1,"FLORIDA COMPLETE WELLNESS, INC.
3408 WEST 84TH ST STE 309
HIALEAH GARDENS, FL 33018",[],1,2302392
GARGANO THERAPEUTICS,Acupuncturists,Pg5-13,GARGANO THERAPEUTICS,(954) 962-7727,http://garganotherapeuticsfl.localsearch.com,,,,,,,,,,,,,,,,,,,,,,,,,,,,,,,,,201308981579,Link,201308981579,Lapsed,05/08/2013,05/08/2023,02/09/2026,201308981579,2,0,,2,"SLG
3475 SHERIDAN STREET #215E
HOLLYWOOD, FL 33021

---

GARGANO THERAPEUTICS, LLC
3475 SHERIDAN STREET #215E
HOLLYWOOD, FL 33021",[],2,2494067
TAO HOUSE,Acupuncturists,Pg5-16,TAO HOUSE,(954) 454-5559,http://www.tao-house.com,,,,,,,,,,,,,,,,,,,,,,,,,,,,,,,,,202402474554,Link,202402474554,Filed,09/18/2024,09/18/2029,02/09/2026,202402474554,0,0,,1,"TAO HOUSE INC.
2901 STIRLING RD #305
FORT LAUDERDALE, FL 33312",[],1,6319292
PALM HOLISTIC HEALTHCARE CENTER,Acupuncturists,Pg5-17,PALM HOLISTIC HEALTHCARE CENTER,(305) 919-7877,http://palmholistichealthcarecenter.localsearch.com,,,,,,,,,,,,,,,,,,,,,,,,,,,,,,,,,201401764507,Link,201401764507,Lapsed,07/07/2014,07/07/2024,02/09/2026,201401764507,1,0,,1,"PALM HOLISTIC HEALTHCARE CENTER, LLC
1177 GEORGE BUSH BOULEVARD
DELRAY BEACH, FL 33483",[],1,4826851
BROWARD FAMILY ACUPUNCTURE,Acupuncturists,Pg6-15,BROWARD FAMILY ACUPUNCTURE,(754) 777-0015,https://www.calmacarebyyohi.com,,,,,,,,,,,,,,,,,,,,,,,,,,,,,,,,,20200470956X,Link,20200470956X,Lapsed,09/11/2020,09/11/2025,02/09/2026,20200470956X,1,0,,1,"BROWARD FAMILY ACUPUNCTURE 
1221 NW 99TH TERRACE 
PEMBROKE PINES, FL 33024",[],1,944383
TEVA WELLNESS INC,Acupuncturists,Pg6-18,TEVA WELLNESS INC,(954) 391-8521,https://www.tevawellness.com,,,,,,,,,,,,,,,,,,,,,,,,,,,,,,,,,202002139979,Link,202002139979,Filed,06/09/2020,06/09/2030,02/09/2026,202002139979,1,0,,1,"TEVA WELLNESS INC
3201 GRIFFIN ROAD SUITE 104
FORT LAUDERDALE, FL 33312",[],1,6372351
ACUPUNCTURE CENTER FOR WELLNESS,Acupuncturists,Pg7-7,ACUPUNCTURE CENTER FOR WELLNESS,(305) 940-7763,http://www.acupuncturemiami.com,,,,,,,,,,,,,,,,,,,,,,,,,,,,,,,,,202003796833,Link,202003796833,Lapsed,08/01/2020,08/01/2025,02/09/2026,202003796833,0,0,,1,"ACUPUNCTURE CENTER FOR WELLNESS, INC
7550 SW 57 AVE. SUITE #116
MIAMI, FL 33143",[],1,140250
MY LONG LIFE ACUPUNCTURE,Acupuncturists,Pg7-11,MY LONG LIFE ACUPUNCTURE,(305) 891-2888,https://longlifeacu.com/contact,,,,,,,,,,,,,,,,,,,,,,,,,,,,,,,,,202504508938,Link,202504508938,Filed,12/01/2025,12/01/2030,02/09/2026,202504508938,0,0,,1,"MY LONG LIFE ACUPUNCTURE LLC
1624 SW 5TH CT
FORT LAUDERDALE, FL 33312",[],1,4509419
ACUPUNCTURE INC,Acupuncturists,Pg7-15,ACUPUNCTURE INC,(786) 320-5755,http://acupunctureandinfertility.net,,,,,,,,,,,,,,,,,,,,,,,,,,,,,,,,,202002509202,Link,202002509202,Lapsed,06/27/2020,06/27/2025,02/09/2026,202002509202,0,0,,1,"ACUPUNCTURE JIANG INC
5130 LINTON BLVD E-3
DELRAY BEACHD, FL 33484",[],1,140252
QUANTUM THERAPEUTICS,Acupuncturists,Pg7-17,QUANTUM THERAPEUTICS,(305) 891-4114,http://quantumti.com,,,,,,,,,,,,,,,,,,,,,,,,,,,,,,,,,202108358079,Link,202108358079,Filed,09/04/2021,09/04/2026,02/09/2026,202108358079,0,0,,1,"QUANTUM THERAPEUTICS
640 NE 124TH ST
NORTH MIAMI, FL 33161",[],1,5216873
MIA ACUPUNCTURE,Acupuncturists,Pg8-6,MIA ACUPUNCTURE,(305) 209-2606,https://www.miaacupuncture.com,,,,,,,,,,,,,,,,,,,,,,,,,,,,,,,,,202503763136,Link,202503763136,Filed,09/30/2025,09/30/2030,02/09/2026,202503763136,0,0,,1,"MIA ACUPUNCTURE, LLC
2252 NE 123RD STREET
NORTH MIAMI, FL 33181",[],2,4287330
"HIGHPOINT HEALING AND WELLNESS, INC.",Acupuncturists,Pg8-12,"HIGHPOINT HEALING AND WELLNESS, INC.",(954) 390-0411,http://www.acupuncturefortlauderdale.com,,,,,,,,,,,,,,,,,,,,,,,,,,,,,,,,,202001037927,Link,202001037927,Lapsed,03/04/2020,03/04/2025,02/09/2026,202001037927,0,0,,2,"HIGHPOINT HEALING AND WELLNESS, INC.
3500 NORTH STATE ROAD 7, SUITE 405
LAUDERDALE LAKES, FL 33319

---

PRIMORDIAL HERBS
3500 NORTH STATE ROAD 7, SUITE 405
LAUDERDALE LAKES, FL 33319",[],1,2992800
WHITE CRANE HEALING ARTS CENTER INC,Acupuncturists,Pg8-15,WHITE CRANE HEALING ARTS CENTER INC,(954) 366-4117,http://whitecranehealingartscenterinc.localsearch.com,,,,,,,,,,,,,,,,,,,,,,,,,,,,,,,,,990000046473,Link,990000046473,Lapsed,03/02/1999,03/02/2004,02/09/2026,990000046473,1,0,,1,"WHITE CRANE HEALING ARTS CENTER INC
1234 NORTH UNIVERSITY DRIVE
PLANTATION, FL 33324",[],1,6967518
ASIAN ARTS OF BALANCE,Acupuncturists,Pg8-16,ASIAN ARTS OF BALANCE,(954) 366-4797,http://acupunctureray.com,,,,,,,,,,,,,,,,,,,,,,,,,,,,,,,,,202003842800,Link,202003842800,Filed,08/02/2020,08/02/2030,02/09/2026,202003842800,1,0,,1,"ASIAN ARTS OF BALANCE INC.
900 N FEDERAL HWY  SUITE 110
BOCA RATON, FL 33432",[],1,447727
HOLISTIC CARE,Acupuncturists,Pg9-6,HOLISTIC CARE,(786) 216-7894,https://www.holisticcaresolutions.com/contact,,,,,,,,,,,,,,,,,,,,,,,,,,,,,,,,,202202663380,Link,202202663380,Filed,08/16/2022,08/16/2027,02/09/2026,202202663380,0,0,,3,"HOLISTIC CARE & WELLNESS LLC
6370 N STATE ROAD 7 119
COCONUT CREEK, FL 33073

---

GLAM R US MED SPA
6370 N STATE ROAD 7 119
COCONUT CREEK, FL 33073

---

JEAN LAURENT DIEUNA  
4424 NW 52ND ST
COCNUT CREEK, FL 33073",[],2,3033577
ALTERNATIVE MEDICAL CENTER,Acupuncturists,Pg9-17,ALTERNATIVE MEDICAL CENTER,(954) 718-6023,http://yellowpages.com/tamarac-fl/mip/university-hospital-fax-lines-503147162,,,,,,,,,,,,,,,,,,,,,,,,,,,,,,,,,202002500221,Link,202002500221,Filed,06/27/2020,06/27/2030,02/09/2026,202002500221,1,0,,1,"ALTERNATIVE MEDICAL CENTER OF FLORIDA, INC.
7383 CORAL WAY
MIAMI, FL 33155",[],1,287105
"GALIPO, JANET",Acupuncturists,Pg9-20,"GALIPO, JANET",(305) 538-8998,http://www.janetgalipo.com,,,,,,,,,,,,,,,,,,,,,,,,,,,,,,,,,930000036644,Link,930000036644,Lapsed,2/19/1993,2/19/1998,02/09/2026,930000036644,0,0,,2,"GRAHAM MICHAEL
940 JEFFERSON AVE
MIAMI BEACH, FL 33139

---

GALIPO JANET
940 JEFFERSON AVE
MIAMI BEACH, FL 33139",[],3,2465478
GLOBAL TCM,Acupuncturists,Pg9-26,GLOBAL TCM,(954) 647-5531,http://globaltcm.localsearch.com,,,,,,,,,,,,,,,,,,,,,,,,,,,,,,,,,202002392011,Link,202002392011,Filed,06/18/2020,06/18/2030,02/09/2026,202002392011,1,0,,1,"GLOBAL TCM, LLC
7730 PETERS RD
PLANTATION, FL 33324",[],1,2596816
ACUPUNCTURE,Acupuncturists,Pg10-13,ACUPUNCTURE,(954) 424-9755,http://www.acupunctureanswers.com,,,,,,,,,,,,,,,,,,,,,,,,,,,,,,,,,202300062427,Link,202300062427,Filed,01/09/2023,01/09/2028,02/11/2026,202300062427,0,0,,1,"ACUPUNCTURE & HOLISITIC HEALTH CENTER, INC.
4237 SALISBURY RD, SUITE 107
JACKSONVILLE, FL 32216",[],3,140332
NATURAL MEDICINE,Acupuncturists,Pg10-17,NATURAL MEDICINE,(954) 525-4878,http://naturalmedicine.localsearch.com,,,,,,,,,,,,,,,,,,,,,,,,,,,,,,,,,201308813226,Link,201308813226,Lapsed,04/11/2013,04/11/2018,02/11/2026,201308813226,0,0,,1,"NATURAL MEDICINE CENTER OF LAKELAND, L.L.C.
315 DORIS DRIVE
LAKELAND, FL 33813",[],1,4551113
FIVE ELEMENT WELLNESS CENTER,Acupuncturists,Pg10-18,FIVE ELEMENT WELLNESS CENTER,(954) 657-8342,http://www.5elementwellnesscenter.com,,,,,,,,,,,,,,,,,,,,,,,,,,,,,,,,,202106139258,Link,202106139258,Filed,02/10/2021,02/10/2031,02/11/2026,202106139258,1,0,,1,"FIVE ELEMENT WELLNESS CENTER, INC.
7310 W MCNAB RD SUITE 107
TAMARAC, FL 33321",[],1,2271061
SHORELINE FLOORING SUPPLIES,Adhesive Manufacturing,Pg1-1,SHORELINE FLOORING SUPPLIES,(305) 887-2233,http://www.flooringsupplies.com,,,,,,,,,,,,,,,,,,,,,,,,,,,,,,,,,201401438847,Link,201401438847,Lapsed,05/19/2014,05/19/2019,02/11/2026,201401438847,0,0,,1,"SHORELINE FLOORING SUPPLIES 2 OF ORLANDO, INC.
4455 DARDENELLE DRIVE, SUITE B-2
ORLANDO, FL 32808",[],1,5846653
ADHESIVE TAPE PRODUCTS INC,Adhesive Manufacturing,Pg1-8,ADHESIVE TAPE PRODUCTS INC,(305) 887-8881,http://adhesivetape.com/contact-us,,,,,,,,,,,,,,,,,,,,,,,,,,,,,,,,,960000104136,Link,960000104136,Lapsed,05/20/1996,05/20/2016,02/11/2026,960000104136,4,0,,1,"ADHESIVE TAPE PRODUCTS INC
10301 NW 108TH AVENUE SUITE 6
MIAMI, FL 3317",[],1,154007
SUNDEK OF MIAMI,Adhesive Manufacturing,Pg1-9,SUNDEK OF MIAMI,(305) 592-6111,https://www.sundek.com,,,,,,,,,,,,,,,,,,,,,,,,,,,,,,,,,200202463255,Link,200202463255,Lapsed,10/22/2002,10/22/2007,02/11/2026,200202463255,1,0,,2,"E.A.S. CONSTRUCTION SPECIALTIES, INC.
2954 WEST 84TH STREET #107
HIALEAH, FL 33018

---

SUNDEK OF MIAMI
2954 WEST 84TH STREET #107
HIALEAH, FL 33018",[],3,6226217
GARD DISTRIBUTING CO,Adhesive Manufacturing,Pg1-12,GARD DISTRIBUTING CO,(305) 592-6920,https://www.garddistributing.com/contact,,,,,,,,,,,,,,,,,,,,,,,,,,,,,,,,,200202592632,Link,200202592632,Lapsed,11/08/2002,11/08/2012,02/11/2026,200202592632,1,0,,1,"GARD DISTRIBUTING CO.
6981 NW 42ND ST
MIAMI, FL 33166",[],1,2490618
UNIVERSE TECH INC,Adhesive Manufacturing,Pg1-13,UNIVERSE TECH INC,(305) 477-4742,http://www.universecompany.com,,,,,,,,,,,,,,,,,,,,,,,,,,,,,,,,,202200805492,Link,202200805492,Filed,03/14/2022,03/14/2027,02/11/2026,202200805492,0,0,,1,"UNIVERSE TECH INC
7301 NW 34TH ST
MIAMI, FL 33122",[],1,6691826
MAPEI CORPORATION,Adhesive Manufacturing,Pg1-14,MAPEI CORPORATION,(954) 485-8637,http://mapei.com,,,,,,,,,,,,,,,,,,,,,,,,,,,,,,,,,200100068951,Link,200100068951,Lapsed,03/29/2001,03/29/2006,02/11/2026,200100068951,0,0,,1,"MAPEI CORPORATION
1144 E NEWPORT CENTER DR
DEERFIELD BEACH, FL 33442",[],2,4033382
SPRAYMATION INC,Adhesive Manufacturing,Pg1-15,SPRAYMATION INC,(954) 484-9700,http://spraymation.com,,,,,,,,,,,,,,,,,,,,,,,,,,,,,,,,,202600076962,Link,202600076962,Filed,01/09/2026,01/09/2031,02/11/2026,202600076962,2,0,,2,"SPRAYMATION HOLDINGS, INC
2965 HAMMOCK WAY
VERO BEACH, FL 32963

---

SHORELINE PARTNERS GROUP LLC
2965 HAMMOCK WAY
VERO BEACH, FL 32963",[],1,6070761
ROMSTEL ROMSTEL,Adhesive Manufacturing,Pg1-18,ROMSTEL ROMSTEL,(954) 561-8181,http://romstelromstelfl.localsearch.com,,,,,,,,,,,,,,,,,,,,,,,,,,,,,,,,,990000138287,Link,990000138287,Lapsed,06/18/1999,06/18/2009,02/11/2026,990000138287,1,0,,1,"ROMSTEL INC
4020 NE 6TH AVE
FT LAUDERDALE, FL 33334",[],1,5521550
APPLIED INDUSTRIAL TECHNOLOGIES,Adhesive Manufacturing,Pg1-21,APPLIED INDUSTRIAL TECHNOLOGIES,(216) 426-4688,http://www.applied.com,,,,,,,,,,,,,,,,,,,,,,,,,,,,,,,,,200807562872,Link,200807562872,Lapsed,02/04/2008,02/04/2013,02/11/2026,200807562872,0,0,,1,"APPLIED INDUSTRIAL TECHNOLOGIES, INC
16301 PONCE DE LEON BLVD
BROOKVILLE, FL 34614",[],1,392974
ADHESIVES TECHNOLOGY,Adhesive Manufacturing,Pg1-22,ADHESIVES TECHNOLOGY,(954) 782-2221,http://atc.ws,,,,,,,,,,,,,,,,,,,,,,,,,,,,,,,,,200602794143,Link,200602794143,Lapsed,06/01/2006,06/01/2011,02/11/2026,200602794143,1,0,,1,"ADHESIVES TECHNOLOGY CORPORATION
450 EAST COPANS ROAD
POMPANO BEACH, FL 33064",[],2,154017
ACQUINITY INTERACTIVE,Adhesive Manufacturing,Pg1-23,ACQUINITY INTERACTIVE,(561) 372-9147,N/A,,,,,,,,,,,,,,,,,,,,,,,,,,,,,,,,,201207637201,Link,201207637201,Lapsed,10/03/2012,10/03/2017,02/11/2026,201207637201,0,0,,1,"ACQUINITY INTERACTIVE, LLC
2200 SW 10TH STREET
DEERFIELD BEACH, FL 33442",[],1,134735
MAPEI CORP,Adhesive Manufacturing,Pg1-26,MAPEI CORP,(954) 246-8622,http://www.mapei.com,,,,,,,,,,,,,,,,,,,,,,,,,,,,,,,,,201805834000,Link,201805834000,Lapsed,07/12/2018,07/12/2023,02/11/2026,201805834000,0,0,,1,"MAPEI CORP. WILDWOOD FL
4405 NE 82ND AVE
WILDWOOD, FL 34785",[],1,4033376
CUREUV,Adhesive Manufacturing,Pg1-27,CUREUV,(561) 243-8442,http://www.cureuv.com,,,,,,,,,,,,,,,,,,,,,,,,,,,,,,,,,20110402438X,Link,20110402438X,Lapsed,02/07/2011,02/07/2021,02/11/2026,20110402438X,5,0,,2,"S.P.D.I., INC.
2855 SOUTH CONGRESS AVENUE, SUITE C
DELRAY BEACH, FL 33445

---

CUREUV.COM
2855 S. CONGRESS AVENUE, SUITE C
DELRAY BEACH, FL 33445",[],1,1603917
ALLIED TAPE PRODUCTS,Adhesive Manufacturing,Pg1-29,ALLIED TAPE PRODUCTS,(561) 848-0999,http://alliedtapeproducts.localsearch.com,,,,,,,,,,,,,,,,,,,,,,,,,,,,,,,,,202504390600,Link,202504390600,Filed,11/24/2025,11/24/2030,02/11/2026,202504390600,0,0,,1,"ALLIED TAPE PRODUCTS INC
845 13TH ST
LAKE PARK, FL 33403",[],1,270855
ANGEL HOUSE ASSISTED LIVING,Adult Day Services Centers,Pg1-3,ANGEL HOUSE ASSISTED LIVING,(954) 476-5085,http://angelhouseseniors.org,,,,,,,,,,,,,,,,,,,,,,,,,,,,,,,,,202105911739,Link,202105911739,Filed,01/19/2021,01/19/2031,02/11/2026,202105911739,1,0,,1,"ANGEL HOUSE ASSISTED LIVING, INC
2230 SW 139 AVENUE
DAVIE, FL 33325",[],1,366013
GLORY HOUSE USA INC,Adult Day Services Centers,Pg1-6,GLORY HOUSE USA INC,(954) 437-6977,N/A,,,,,,,,,,,,,,,,,,,,,,,,,,,,,,,,,202002422212,Link,202002422212,Filed,06/21/2020,06/21/2030,02/11/2026,202002422212,1,0,,1,"GLORY HOUSE USA, INC
3409 BAHAMA DRIVE
MIRAMAR, FL 33023",[],1,2599977
LITTLE DOLPHINS DAYCARE,Adult Day Services Centers,Pg1-12,LITTLE DOLPHINS DAYCARE,(786) 320-6494,N/A,,,,,,,,,,,,,,,,,,,,,,,,,,,,,,,,,202003445364,Link,202003445364,Filed,07/16/2020,07/16/2030,02/11/2026,202003445364,1,0,,1,"LITTLE DOLPHINS DAYCARE II INC
1046 NE 215TH ST
MIAMI, FL 33179",[],1,3853535
XCLUSIVE SENIOR DAY CARE CENTER,Adult Day Services Centers,Pg1-13,XCLUSIVE SENIOR DAY CARE CENTER,(305) 820-0805,http://www.xclusiveseniorcenter.com,,,,,,,,,,,,,,,,,,,,,,,,,,,,,,,,,202400706911,Link,202400706911,Filed,03/19/2024,03/19/2029,02/11/2026,202400706911,0,0,,2,"XCLUSIVE SENIOR DAY CARE CENTER, INC.
12975 W OKEECHOBEE RD UNIT 4
HIALAH, FL 33018

---

XCLUSIVE SENIOR DAY CARE CENTER
12975 W OKEECHOBEE RD UNIT 4
HIALAH, FL 33018",[],4,7114858
GLORY HOUSE USA INC,Adult Day Services Centers,Pg1-21,GLORY HOUSE USA INC,(954) 985-9600,http://waiverweb.com/glory_house.html,,,,,,,,,,,,,,,,,,,,,,,,,,,,,,,,,202002422212,Link,202002422212,Filed,06/21/2020,06/21/2030,02/11/2026,202002422212,1,0,,1,"GLORY HOUSE USA, INC
3409 BAHAMA DRIVE
MIRAMAR, FL 33023",[],1,2599977
MAGIK ADULT DAYCARE CENTER,Adult Day Services Centers,Pg1-23,MAGIK ADULT DAYCARE CENTER,(305) 625-6237,http://www.magikadultdaycare.com,,,,,,,,,,,,,,,,,,,,,,,,,,,,,,,,,201909061962,Link,201909061962,Lapsed,07/05/2019,07/05/2024,02/11/2026,201909061962,1,0,,1,"MAGIK ADULT DAYCARE CENTER LLC
4830 NW 167TH ST
HIALEAH, FL 33014",[],1,3989816
MIAMI HORIZON ADULT DAY CARE,Adult Day Services Centers,Pg1-28,MIAMI HORIZON ADULT DAY CARE,(786) 534-2461,N/A,,,,,,,,,,,,,,,,,,,,,,,,,,,,,,,,,202003669432,Link,202003669432,Filed,07/26/2020,07/26/2030,02/11/2026,202003669432,1,0,,1,"MIAMI HORIZON ADULT DAY CARE INC
14505 COMMERCE WAY #450
MIAMI LAKES, FL 33016",[],1,4294799
SEMINOLE TRIBE OF FLORIDA,Adult Day Services Centers,Pg1-30,SEMINOLE TRIBE OF FLORIDA,(954) 965-2937,http://www.semtribe.com,,,,,,,,,,,,,,,,,,,,,,,,,,,,,,,,,980000145147,Link,980000145147,Lapsed,07/01/1998,07/01/2003,02/11/2026,980000145147,1,0,,1,"SEMINOLE TRIBE OF FLORIDA
6300 STIRLING RD
HOLLYWOOD, FL 33024",[],4,5779621
CRESCENT ADULT DAY CARE,Adult Day Services Centers,Pg2-1,CRESCENT ADULT DAY CARE,(305) 456-1157,http://crescentadc.com,,,,,,,,,,,,,,,,,,,,,,,,,,,,,,,,,202203738284,Link,202203738284,Filed,11/28/2022,11/28/2027,02/11/2026,202203738284,0,0,,1,"CRESCENT ADULT DAY CARE, INC., A FLORIDA CORPORATION
1550 W 84TH STREET, SUITE 65
HIALEAH, FL 33014",[],1,1557699
ANGELS ADULT DAY CARE INC,Adult Day Services Centers,Pg2-3,ANGELS ADULT DAY CARE INC,(786) 343-7772,https://myadultdaycare.com/details/ANGELS-ADULT-DAY-CARE-II,,,,,,,,,,,,,,,,,,,,,,,,,,,,,,,,,202005648211,Link,202005648211,Filed,12/18/2020,12/18/2030,02/11/2026,202005648211,1,0,,1,"ANGELS ADULT DAY CARE INC
2350 W 84 STREET #19
HIALEAH, FL 33016",[],1,368354
MULTICULTURAL CARE CENTERS,Adult Day Services Centers,Pg2-4,MULTICULTURAL CARE CENTERS,(305) 454-9214,N/A,,,,,,,,,,,,,,,,,,,,,,,,,,,,,,,,,202000794015,Link,202000794015,Lapsed,02/04/2020,02/04/2025,02/11/2026,202000794015,0,0,,2,"MULTICULTURAL CARE CENTERS
20401 NW 2ND AVE, STE 308
MIAMI GARDENS, FL 33169

---

HADLEY BEATRIZ
5347 GRAND BANKS BLVD
GREENACRES, FL 33463",[],1,4488798
SENIORS GARDEN ADULT DAYCARE,Adult Day Services Centers,Pg2-17,SENIORS GARDEN ADULT DAYCARE,(786) 718-3546,N/A,,,,,,,,,,,,,,,,,,,,,,,,,,,,,,,,,202108496459,Link,202108496459,Filed,09/18/2021,09/18/2026,02/11/2026,202108496459,0,0,,1,"SENIORS GARDEN ADULT DAYCARE LLC
6900 W 32ND AVE STE 2
HIALEAH, FL 33018",[],1,5782507
GROWING TREE,Adult Day Services Centers,Pg2-25,GROWING TREE,(305) 403-2629,http://growingtree10909167.localsearch.com,,,,,,,,,,,,,,,,,,,,,,,,,,,,,,,,,202001408623,Link,202001408623,Lapsed,04/21/2020,04/21/2025,02/11/2026,202001408623,0,0,,7,"M.N.R.J.M INC
5355 GRAND RIDGE CIRCLE
DELRAY BEACH, FL 33484

---

ELITE PARTNERS LLC
5355 GRAND RIDGE CIRCLE
DELRAY BEACH, FL 33484

---

GROWING TREE PRODUCTIONS LLC
5355 GRAND RIDGE CIRCLE
DELRAY BEACH, FL 33484

---

ELITE COSMETOLOGY SCHOOL LLC
5355 GRAND RIDGE CIRCLE
DELRAY BEACH, FL 33484

---

IT'S ALL IN THE STYLE, INC
5355 GRAND RIDGE CIRCLE
DELRAY BEACH, FL 33484

---

DI VIRGILIO MAURICE D
56300 29 PALMS HWY STE 113
YUCCA VALLEY, CA 922284

---

HUSSEY JODI
56300 29 PALMS HWY STE 113
YUCCA VALLEY, CA 922284",[],6,2741463
PROFESSIONAL ADULT DAY CARE,Adult Day Services Centers,Pg2-29,PROFESSIONAL ADULT DAY CARE,(305) 557-1221,http://professionaladultdaycare.localsearch.com,,,,,,,,,,,,,,,,,,,,,,,,,,,,,,,,,20200266819X,Link,20200266819X,Filed,6/29/2020,6/29/2030,02/11/2026,20200266819X,1,0,,1,"PROFESSIONAL ADVANCED ADULT DAY CARE LLC
2668 SW 137TH AVENUE
MIAMI, FL 33175",[],1,5169881
DOUBLE NINE SENIORS CLUB,Adult Day Services Centers,Pg3-4,DOUBLE NINE SENIORS CLUB,(305) 825-4459,http://www.doublenineseniorsclub.com,,,,,,,,,,,,,,,,,,,,,,,,,,,,,,,,,202002544598,Link,202002544598,Filed,06/27/2020,06/27/2030,02/11/2026,202002544598,1,0,,1,"DOUBLE NINE SENIORS CLUB
4719 PALM AVE
HIALEAH, FL 33012",[],1,1894492
COOLIDGE PALMS ASSISTED LIVING RESORT,Adult Day Services Centers,Pg3-10,COOLIDGE PALMS ASSISTED LIVING RESORT,(954) 266-4015,http://www.timelesslifecare.com,,,,,,,,,,,,,,,,,,,,,,,,,,,,,,,,,201105141622,Link,201105141622,Lapsed,08/16/2011,08/16/2016,02/11/2026,201105141622,0,0,,1,"COOLIDGE PALMS ASSISTED LIVING RESORT, INC.
2057 COOLIDGE ST
HOLLYWOOD, FL 33020",[],1,1477919
THE GARDEN OF EDEN 2015,Adult Day Services Centers,Pg3-11,THE GARDEN OF EDEN 2015,(786) 636-6932,http://gardenofedenadc.com,,,,,,,,,,,,,,,,,,,,,,,,,,,,,,,,,202002692228,Link,202002692228,Filed,06/29/2020,06/29/2030,02/11/2026,202002692228,1,0,,1,"THE GARDEN OF EDEN 2015 CORP
681 EAST 9 ST
HIALEAH, FL 33010",[],1,6409311
HAPPY TIMES ADULT DAY CARE CENTER CORP,Adult Day Services Centers,Pg3-12,HAPPY TIMES ADULT DAY CARE CENTER CORP,(305) 805-1040,http://happytimesadultdaycare.com,,,,,,,,,,,,,,,,,,,,,,,,,,,,,,,,,20200274872X,Link,20200274872X,Lapsed,06/29/2020,06/29/2025,02/11/2026,20200274872X,0,0,,1,"HAPPY TIMES ADULT DAY CARE CENTER CORP
50 W 29TH ST STE A
HIALEAH, FL 33012",[],1,2845357
BROWARD ADULT DAY CARE CENTER,Adult Day Services Centers,Pg3-13,BROWARD ADULT DAY CARE CENTER,(954) 791-1611,http://www.browardseniorcenter.com,,,,,,,,,,,,,,,,,,,,,,,,,,,,,,,,,202003304612,Link,202003304612,Lapsed,07/10/2020,07/10/2025,02/11/2026,202003304612,0,0,,1,"BROWARD ADULT DAY CARE CENTER CORP
2615 DAVIE BLVD
FORT LAUDERDALE, FL 33312",[],1,943908
HORA FELIZ ADULT DAY CARE INC,Adult Day Services Centers,Pg3-14,HORA FELIZ ADULT DAY CARE INC,(786) 387-3998,N/A,,,,,,,,,,,,,,,,,,,,,,,,,,,,,,,,,202401762432,Link,202401762432,Filed,07/02/2024,07/02/2029,02/11/2026,202401762432,0,0,,1,"HORA FELIZ ADULT DAY CARE INC
32 EAST 5TH ST, UNIT 42-46
HIALEAH, FL 33010",[],1,3067937
ARC BROWARD,Adult Day Services Centers,Pg3-15,ARC BROWARD,(954) 746-9400,http://www.arcbroward.com,,,,,,,,,,,,,,,,,,,,,,,,,,,,,,,,,201909452937,Link,201909452937,Lapsed,08/20/2019,08/20/2024,02/11/2026,201909452937,0,0,,1,"ARC BROWARD, INC.
10250 NW 53RD STREET
FORT LAUDERDALE, FL 33351",[],1,402880
AMAZING AGE ADULT DAY STAY,Adult Day Services Centers,Pg3-18,AMAZING AGE ADULT DAY STAY,(954) 970-9185,http://www.amazing-age.com,,,,,,,,,,,,,,,,,,,,,,,,,,,,,,,,,20130007761X,Link,20130007761X,Lapsed,10/22/2013,10/22/2018,02/11/2026,20130007761X,0,0,,2,"OGLESMITH ENTERPRISES, INC.
3955 COCOPLUM CIRCLE, UNIT D
COCONUT CREEK, FL 33063

---

AMAZING AGE - ADULT DAY STAY
7378 WEST ATLANTIC BOULEVARD, #444
MARGATE, FL 33063",[],1,302009
HEBREW LEARNING CENTER,Adult Day Services Centers,Pg3-20,HEBREW LEARNING CENTER,(786) 246-9728,N/A,,,,,,,,,,,,,,,,,,,,,,,,,,,,,,,,,201900451369,Link,201900451369,Lapsed,12/22/2019,12/22/2024,02/11/2026,201900451369,0,0,,1,"HEBREW LEARNING CENTER AT AVENTURA LLC
19210 W DIXIE HWY
AVENTURA, FL 33180",[],1,2922928
IMPERIAL CLUB,Adult Day Services Centers,Pg3-21,IMPERIAL CLUB,(305) 424-8782,http://www.imperialclub.com,,,,,,,,,,,,,,,,,,,,,,,,,,,,,,,,,202402829999,Link,202402829999,Filed,10/25/2024,10/25/2029,02/11/2026,202402829999,0,0,,1,"IMPERIAL CLUB DEVELOPER, LLC 
C/O SMITH & HENZY AFFORDABLE GROUP, 1100 NW 4TH AVENUE 
DELRAY BEACH , FL 33444",[],2,3162379
HELPING HEARTS ADULT DAY CARE INC,Adult Day Services Centers,Pg3-25,HELPING HEARTS ADULT DAY CARE INC,(305) 887-1222,http://helpingheartsadc.com,,,,,,,,,,,,,,,,,,,,,,,,,,,,,,,,,201703286470,Link,201703286470,Lapsed,11/17/2017,11/17/2022,02/11/2026,201703286470,1,0,,1,"HELPING HEARTS ADULT DAY CARE, INC.
425 W 25TH STREET
HIALEAH, FL 33010",[],1,2933364
AMAZING LEARNING ACADEMY INC,Adult Day Services Centers,Pg3-28,AMAZING LEARNING ACADEMY INC,(305) 893-3400,http://amazinglearningacademy.com,,,,,,,,,,,,,,,,,,,,,,,,,,,,,,,,,202001768786,Link,202001768786,Filed,05/27/2020,05/27/2030,02/11/2026,202001768786,1,0,,1,"AMAZING LEARNING ACADEMY, INC.
516-540 SW 124TH STREET
MIAMI, FL 33161",[],1,302201
GOLDEN SMILE ADULT DAY CARE,Adult Day Services Centers,Pg3-29,GOLDEN SMILE ADULT DAY CARE,(754) 703-5684,http://gsadultdaycare.com,,,,,,,,,,,,,,,,,,,,,,,,,,,,,,,,,202504505920,Link,202504505920,Filed,12/01/2025,12/01/2030,02/11/2026,202504505920,0,0,,1,"GOLDEN SMILE ADULT DAY CARE LLC
1720 E HALLANDALE BEACH BLVD
HALLANDALE BEACH, FL 33009",[],1,2620726
HENDERSON MENTAL HEALTH CENTER,Adult Day Services Centers,Pg4-2,HENDERSON MENTAL HEALTH CENTER,(954) 731-2835,http://www.hendersonbh.org,,,,,,,,,,,,,,,,,,,,,,,,,,,,,,,,,990000137093,Link,990000137093,Lapsed,06/17/1999,06/17/2014,02/11/2026,990000137093,2,0,,1,"HENDERSON MENTAL HEALTH CENTER INC
4740 N STATE ROAD 7 STE 201
FT LAUDERDALE, FL 33319",[],5,2937762
LCC ADULT DAY CARE,Adult Day Services Centers,Pg4-5,LCC ADULT DAY CARE,(305) 687-3800,https://www.lccadultdaycare.com,,,,,,,,,,,,,,,,,,,,,,,,,,,,,,,,,202005283302,Link,202005283302,Lapsed,11/06/2020,11/06/2025,02/11/2026,202005283302,0,0,,1,"LCC ADULT DAY CARE LLC
1300 PALM AVENUE
HIALEAH, FL 33010",[],5,3752552
GOLD COAST LOVING CARE,Adult Day Services Centers,Pg4-18,GOLD COAST LOVING CARE,(954) 999-0833,https://goldcoastlovingcare.com,,,,,,,,,,,,,,,,,,,,,,,,,,,,,,,,,202002248883,Link,202002248883,Lapsed,06/13/2020,06/13/2025,02/11/2026,202002248883,0,0,,1,"GOLD COAST LOVING CARE
5517 HAYES ST
HOLLYWOOD, FL 33021",[],1,2613716
ROSS FAMILY ADULT DAY CARE,Adult Day Services Centers,Pg4-19,ROSS FAMILY ADULT DAY CARE,(786) 447-3974,N/A,,,,,,,,,,,,,,,,,,,,,,,,,,,,,,,,,202004609263,Link,202004609263,Lapsed,09/06/2020,09/06/2025,02/11/2026,202004609263,0,0,,1,"ROSS FAMILY ADULT DAY CARE LLC
805 E 10 AVE
HIALEAH, FL 33010",[],1,5541135
SENIOR NANNIES,Adult Day Services Centers,Pg4-25,SENIOR NANNIES,(954) 733-5444,http://yellowpages.com/sunrise-fl/mip/all-professional-health-care-14731963,,,,,,,,,,,,,,,,,,,,,,,,,,,,,,,,,202301337748,Link,202301337748,Filed,05/15/2023,05/15/2028,02/11/2026,202301337748,0,0,,2,"CWGL HOLDINGS, LLC
3313 W. COMMERCIAL BLVD., STE 130
FT. LAUDERDALE, FL 33309

---

SENIOR NANNIES HOLDINGS, LLC
3313 W. COMMERCIAL BLVD., STE 130
FT. LAUDERDALE, FL 33309",[],2,5782387
PATHWAYS ACADEMY OF PEMBROKE PINES,Adult Day Services Centers,Pg4-26,PATHWAYS ACADEMY OF PEMBROKE PINES,(954) 677-3205,http://yellowpages.com/lauderhill-fl/mip/faith-care-center-524845682,,,,,,,,,,,,,,,,,,,,,,,,,,,,,,,,,202600238687,Link,202600238687,Filed,01/27/2026,01/27/2031,02/11/2026,202600238687,0,0,,1,"PATHWAYS ACADEMY OF PEMBROKE PINES
8914 TAFT STREET
FORT LAUDERDALE, FL 33302",[],1,4891921
WORLD HOME CARE SERVICES CORP,Adult Day Services Centers,Pg4-29,WORLD HOME CARE SERVICES CORP,(305) 471-9765,http://yellowpages.com/miami-fl/mip/world-home-care-services-corp-469672849,,,,,,,,,,,,,,,,,,,,,,,,,,,,,,,,,201105302375,Link,201105302375,Lapsed,09/14/2011,09/14/2016,02/11/2026,201105302375,1,0,,1,"WORLD HOME CARE SERVICES, CORP.
8135 NW 33RD ST, SUITE A
DORAL, FL 33122",[],1,7091996
ABUELOS ADULT CARE,Adult Day Services Centers,Pg5-9,ABUELOS ADULT CARE,(305) 631-4113,http://abuelosadultcare.localsearch.com,,,,,,,,,,,,,,,,,,,,,,,,,,,,,,,,,202002506939,Link,202002506939,Filed,06/27/2020,06/27/2030,02/11/2026,202002506939,1,0,,1,"ABUELOS ADULT CARE LLC
3383 NW 7TH ST STE 101
MIAMI, FL 33125",[],1,116654
HAPPY FACE ADULT DAY CARE,Adult Day Services Centers,Pg5-13,HAPPY FACE ADULT DAY CARE,(305) 264-1116,N/A,,,,,,,,,,,,,,,,,,,,,,,,,,,,,,,,,202003337316,Link,202003337316,Lapsed,07/11/2020,07/11/2025,02/11/2026,202003337316,0,0,,1,"HAPPY FACE ADULT DAY CARE LLC
100 BEACOM BLVD
MIAMI, FL 33135",[],1,2844739
ESENCIA DE LA VIDA ADULT DAY,Adult Day Services Centers,Pg5-15,ESENCIA DE LA VIDA ADULT DAY,(786) 488-3503,http://yellowpages.com/coral-gables-fl/mip/unique-adult-day-care-center-19660960,,,,,,,,,,,,,,,,,,,,,,,,,,,,,,,,,202002740419,Link,202002740419,Filed,06/29/2020,06/29/2030,02/11/2026,202002740419,1,0,,1,"ESENCIA DE LA VIDA ADULT DAY CARE INC
4750 WEST FLAGLER STREET
MIAMI, FL 33134",[],1,2106929
LA EDAD DE ORO ADULT DAY CARE,Adult Day Services Centers,Pg5-26,LA EDAD DE ORO ADULT DAY CARE,(786) 275-4628,https://miedaddeoro.com/contactos-2.html,,,,,,,,,,,,,,,,,,,,,,,,,,,,,,,,,202402077326,Link,202402077326,Filed,08/06/2024,08/06/2029,02/11/2026,202402077326,0,0,,1,"LA EDAD DE ORO ADULT DAY CARE, LLC
5870 SW 8TH ST, STE. 7 & 8, AND 5880 SW 8TH ST., STE. 1
WEST MIAMI, FL 33144",[],4,3656078
PEQUENOS GIGANTES ADULT DAY CARE,Adult Day Services Centers,Pg5-29,PEQUENOS GIGANTES ADULT DAY CARE,(786) 558-7888,http://pequenosgigantesadc.com,,,,,,,,,,,,,,,,,,,,,,,,,,,,,,,,,20200498708X,Link,20200498708X,Filed,10/08/2020,10/08/2030,02/11/2026,20200498708X,1,0,,1,"PEQUENOS GIGANTES ADULT DAY CARE
16 NW 26 AVE
MIAMI, FL 33125",[],1,4948298
UNIQUE ADULT DAY CARE CENTER,Adult Day Services Centers,Pg5-30,UNIQUE ADULT DAY CARE CENTER,(305) 456-6365,http://uniqueadultdaycarecenter.localsearch.com,,,,,,,,,,,,,,,,,,,,,,,,,,,,,,,,,202002251515,Link,202002251515,Filed,06/13/2020,06/13/2030,02/11/2026,202002251515,1,0,,1,"UNIQUE ADULT DAY CARE CENTER, INC
5149 SW 8TH STREET
MIAMI, FL 33134",[],1,6675698
HAPPY FACE ADULT DAY CARE,Adult Day Services Centers,Pg6-4,HAPPY FACE ADULT DAY CARE,(305) 264-1119,https://www.newlifestyles.com/search,,,,,,,,,,,,,,,,,,,,,,,,,,,,,,,,,202003337316,Link,202003337316,Lapsed,07/11/2020,07/11/2025,02/11/2026,202003337316,0,0,,1,"HAPPY FACE ADULT DAY CARE LLC
100 BEACOM BLVD
MIAMI, FL 33135",[],1,2844739
PRIMAVERA ADULT DAY CARE,Adult Day Services Centers,Pg6-5,PRIMAVERA ADULT DAY CARE,(305) 639-8248,http://www.primaveraadcare.com,,,,,,,,,,,,,,,,,,,,,,,,,,,,,,,,,202402066359,Link,202402066359,Filed,08/05/2024,08/05/2029,02/11/2026,202402066359,0,0,,1,"PRIMAVERA ADULT DAY CARE INC, A FLORIDA CORPORATION
311 SW 27 AVENUE
MIAMI, FL 33135",[],3,5151917
THE GARDEN OF HEALTH,Adult Day Services Centers,Pg6-12,THE GARDEN OF HEALTH,(954) 958-9757,https://www.thegardenofhealthinc.com,,,,,,,,,,,,,,,,,,,,,,,,,,,,,,,,,202004774914,Link,202004774914,Filed,09/17/2020,09/17/2030,02/11/2026,202004774914,1,0,,1,"THE GARDEN OF HEALTH INC
1910 NE 56TH STREET
FT LAUDERDALE, FL 33308",[],1,6409313
RISE AND SHINE ADULT DAYCARE,Adult Day Services Centers,Pg6-13,RISE AND SHINE ADULT DAYCARE,(786) 409-5040,http://yellowpages.com/miami-fl/mip/nonnas-adult-daycare-28936033,,,,,,,,,,,,,,,,,,,,,,,,,,,,,,,,,202002688085,Link,202002688085,Filed,06/29/2020,06/29/2030,02/11/2026,202002688085,1,0,,1,"RISE AND SHINE ADULT DAYCARE, LLC
5615 SW 107TH AVE
MIAMI, FL 33173",[],1,5421282
SAN JUDAS TADEO COMMUNITY ADULT DAY CARE,Adult Day Services Centers,Pg6-14,SAN JUDAS TADEO COMMUNITY ADULT DAY CARE,(305) 408-0077,http://sanjudastadeocommunityadultdaycare.localsearch.com,,,,,,,,,,,,,,,,,,,,,,,,,,,,,,,,,202005010896,Link,202005010896,Filed,10/11/2020,10/11/2030,02/11/2026,202005010896,1,0,,1,"SAN JUDAS TADEO COMMUNITY ADULT DAY CARE CORP
15628 SW 72ND ST
MIAMI, FL 33193",[],1,5646873
TREE OF LIFE ADULT DAY CARE INC,Adult Day Services Centers,Pg6-15,TREE OF LIFE ADULT DAY CARE INC,(305) 382-0111,http://treeoflifeadultdaycareinc.localsearch.com,,,,,,,,,,,,,,,,,,,,,,,,,,,,,,,,,202004903064,Link,202004903064,Lapsed,09/30/2020,09/30/2025,02/11/2026,202004903064,0,0,,1,"TREE OF LIFE ADULT DAY CARE, INC.
8901 SW 157TH AVE
MIAMI, FL 33196",[],1,6586400
MORNING STAR ADULT DAY CARE CORP,Adult Day Services Centers,Pg6-17,MORNING STAR ADULT DAY CARE CORP,(305) 485-4002,http://morningstaradultdaycare.com,,,,,,,,,,,,,,,,,,,,,,,,,,,,,,,,,202107343035,Link,202107343035,Filed,06/09/2021,06/09/2031,02/11/2026,202107343035,1,0,,1,"MORNING STAR ADULT DAY CARE CENTER II CORP
13208 SW 8TH ST
MIAMI, FL 33184",[],1,4443463
EL JARDIN ADULT DAY CARE,Adult Day Services Centers,Pg6-19,EL JARDIN ADULT DAY CARE,(305) 456-0122,http://floridahealthfinder.gov/facilitylocator/facilityprofilepage.aspx?id=389427,,,,,,,,,,,,,,,,,,,,,,,,,,,,,,,,,202504436635,Link,202504436635,Filed,11/25/2025,11/25/2030,02/11/2026,202504436635,0,0,,1,"EL JARDIN ADULT DAY CARE LLC
4195 SW 137 AVE SUITE 5
MIAMI, FL 33175",[],1,2032348
LIBERTAD ADULT DAY CARE CORP,Adult Day Services Centers,Pg6-23,LIBERTAD ADULT DAY CARE CORP,(305) 801-3583,https://www.seniorlivinglink.org/directory/adult-day-care-services/libertad-adult-day-care-corp,,,,,,,,,,,,,,,,,,,,,,,,,,,,,,,,,20200265248X,Link,20200265248X,Filed,06/29/2020,06/29/2030,02/11/2026,20200265248X,1,0,,1,"LIBERTAD ADULT DAY CARE CORP
925 SW 122 AVE
MIAMI, FL 33184",[],1,3821421
SAN JOSE ADULT DAY CARE,Adult Day Services Centers,Pg6-24,SAN JOSE ADULT DAY CARE,(786) 360-1584,N/A,,,,,,,,,,,,,,,,,,,,,,,,,,,,,,,,,202402334302,Link,202402334302,Filed,09/03/2024,09/03/2029,02/11/2026,202402334302,0,0,,9,"AMERICAN IMPACT WINDOWS & DOORS LLC
1629 NW 82ND AVE
DORAL, FL 33126

---

AMERICAN IMPACT WINDOWS & DOORS EQUIPMENT LEASING AND MANAGEMENT, CO.
1629 NW 82ND AVE
DORAL, FL 33162

---

AVS GLASS, LLC
1629 NW 82ND AVENUE
MIAMI, FL 33126

---

ROSA MAR HOMES LLC
1629 NW 82ND AVE
DORAL, FL 33126

---

IMPACT WINDOWS SHOWROOM, LLC.
1629 NW 82ND AVE
DORAL, FL 33126

---

AMERICAN IMPACT WINDOW SYSTEMS LLC
7859 NW 15TH ST
DORAL, FL 33126

---

SAN JOSE ADULT DAY CARE, LLC
7865 SW 24TH STREET
MIAMI, FL 33155

---

AVS WINDOWS, LLC
1629 NW 82ND AVE
DORAL, FL 33126

---

FLORIDA HURRICANE PROTECTION SYSTEMS, LLC
1445 MIRA VISTA CIRCLE
WESON, FL 33327",[],4,5646507
MORNING STAR ADULT DAY CARE,Adult Day Services Centers,Pg6-28,MORNING STAR ADULT DAY CARE,(305) 485-4002,http://morningstaradultdaycare.com/contact-us.html,,,,,,,,,,,,,,,,,,,,,,,,,,,,,,,,,202109526166,Link,202109526166,Filed,12/20/2021,12/20/2026,02/11/2026,202109526166,0,0,,1,"MORNING STAR ADULT DAY CARE CENTER INC
2741 SW 142 AVENUE
MIAMI, FL 33175",[],1,4443464
ST JUDE ADULT DAY,Adult Day Services Centers,Pg7-3,ST JUDE ADULT DAY,(305) 221-7005,http://www.nanasadultdaycare.com,,,,,,,,,,,,,,,,,,,,,,,,,,,,,,,,,202003090248,Link,202003090248,Lapsed,07/03/2020,07/03/2025,02/11/2026,202003090248,1,0,,1,"ST JUDE ADULT DAY CARE
9740 SW 24 ST SECTION C
MIAMI, FL 33165",[],1,6083704
NORITA ADULT FAMILY CARE,Adult Day Services Centers,Pg7-5,NORITA ADULT FAMILY CARE,(305) 274-9563,N/A,,,,,,,,,,,,,,,,,,,,,,,,,,,,,,,,,200706943013,Link,200706943013,Filed,11/5/2007,11/5/2027,02/11/2026,200706943013,3,0,,1,"NORITA ADULT FAMILY CARE, INC.
11971 SW 118TH STREET
MIAMI, FL 33186",[],1,4636375
NORITA ADULT FAMILY CARE,Adult Day Services Centers,Pg7-10,NORITA ADULT FAMILY CARE,(305) 274-9563,N/A,,,,,,,,,,,,,,,,,,,,,,,,,,,,,,,,,200706943013,Link,200706943013,Filed,11/05/2007,11/05/2027,02/11/2026,200706943013,3,0,,1,"NORITA ADULT FAMILY CARE, INC.
11971 SW 118TH STREET
MIAMI, FL 33186",[],1,4636375
AMANECER ADULT DAY CARE CENTER INC,Adult Day Services Centers,Pg7-14,AMANECER ADULT DAY CARE CENTER INC,(786) 362-5770,http://www.amaneceradultdaycare.com,,,,,,,,,,,,,,,,,,,,,,,,,,,,,,,,,202302891420,Link,202302891420,Filed,10/20/2023,10/20/2028,02/11/2026,202302891420,0,0,,8,"INNOVATION HOME HEALTH, INC.
14628 SW 8TH STREET
MIAMI, FL 33184

---

AMANECER ADULT DAY CARE CENTER, INC.
14550 SW 8 ST
MIAMI, FL 33184

---

INNOVATIVE BILLING, INC.
1163 NW 127TH PL
MIAMI, FL 33182

---

GRAN FUTURO, CORP.
15141 SW 23RD LN
MIAMI, FL 33185

---

RYKL MEDICINE THERAPY, LLC
8241 PRATTVILLE ROAD
PITTSFORD, MI 49271

---

INFUZE, CORP.
11077 BISCAYNE BLVD.;SUITE 410
MIAMI, FL 33161

---

INNOVATION HOME CARE, INC.
901 SOUTH STATE ROAD 7;SUITE 317
HOLLYWOOD, FL 33023

---

LUCKY ADULT DAY CARE CENTER, LLC
261 SW 129TH AVENUE
MIAMI, FL 33184",[],2,300213
COCONUT GROVE ADULT DAY CARE,Adult Day Services Centers,Pg7-22,COCONUT GROVE ADULT DAY CARE,(305) 846-9096,https://www.coconutgroveadultdaycare.com,,,,,,,,,,,,,,,,,,,,,,,,,,,,,,,,,202004061640,Link,202004061640,Lapsed,08/11/2020,08/11/2025,02/11/2026,202004061640,0,0,,1,"COCONUT GROVE ADULT DAY CARE CENTER, INC
2440 SW 27 AVE
MIAMI, FL 33145",[],1,1384633
SENIOR CENTER ADULT DAY CARE CORP,Adult Day Services Centers,Pg7-26,SENIOR CENTER ADULT DAY CARE CORP,(786) 224-5304,http://www.scadultdaycare.com,,,,,,,,,,,,,,,,,,,,,,,,,,,,,,,,,202504440209,Link,202504440209,Filed,11/25/2025,11/25/2030,02/11/2026,202504440209,0,0,,1,"SENIOR CENTER ADULT DAY CARE CORP.
3925 SW 82ND AVE
MIAMI, FL 33155",[],1,5781907
SENIOR CENTER ADULT DAY CARE,Adult Day Services Centers,Pg7-27,SENIOR CENTER ADULT DAY CARE,(305) 982-8217,https://www.scadultdaycare.com/site-map.php,,,,,,,,,,,,,,,,,,,,,,,,,,,,,,,,,202504440209,Link,202504440209,Filed,11/25/2025,11/25/2030,02/11/2026,202504440209,0,0,,1,"SENIOR CENTER ADULT DAY CARE CORP.
3925 SW 82ND AVE
MIAMI, FL 33155",[],1,5781907
"ROSELAND ADULT DAYCARE, INC",Adult Day Services Centers,Pg7-30,"ROSELAND ADULT DAYCARE, INC",(786) 388-7673,https://myadultdaycare.com/details/ROSELAND-ADULT-DAYCARE-INC,,,,,,,,,,,,,,,,,,,,,,,,,,,,,,,,,202301058261,Link,202301058261,Filed,04/19/2023,04/19/2028,02/11/2026,202301058261,1,0,,1,"ROSELAND ADULT DAYCARE INC
855 SW 97TH AVE
MIAMI, FL 33174",[],1,5535657
GIVE ME 5 THERAPY AND PPEC CENTER,Adult Day Services Centers,Pg8-2,GIVE ME 5 THERAPY AND PPEC CENTER,(305) 456-3632,http://www.giveme5ppec.com,,,,,,,,,,,,,,,,,,,,,,,,,,,,,,,,,202503421758,Link,202503421758,Filed,8/27/2025,8/27/2030,02/11/2026,202503421758,0,0,,3,"GIVE ME 5 ACADEMY, INC.
4180 SW 74TH CT
MIAMI, FL 33155

---

MAKIWARA, INC.
4180 SW 74TH CT
MIAMI, FL 33155

---

GIVE ME 5 THERAPY AND PPEC CENTER
4180 SW 74TH CT
MIAMI, FL 33155",[],3,2581552
AZUCAR ADULT DAY CARE,Adult Day Services Centers,Pg8-3,AZUCAR ADULT DAY CARE,(305) 815-8367,https://www.azucarcare.com,,,,,,,,,,,,,,,,,,,,,,,,,,,,,,,,,202001936417,Link,202001936417,Filed,06/01/2020,06/01/2030,02/11/2026,202001936417,1,0,,1,"AZUCAR ADULT DAY CARE, LLC.
8655-C  SW  24 STREET
MIAMI, FL 33155",[],1,515329
MY FAMILY ADULT DAY CARE,Adult Day Services Centers,Pg8-6,MY FAMILY ADULT DAY CARE,(786) 803-8437,N/A,,,,,,,,,,,,,,,,,,,,,,,,,,,,,,,,,202107885443,Link,202107885443,Filed,07/28/2021,07/28/2026,02/11/2026,202107885443,1,0,,1,"MY FAMILY ADULT DAY CARE LLC
10523 SOUTHWEST 40TH STREET
MIAMI, FL 33165",[],1,4510587
MONTE DE HOREB ADULT DAYCARE,Adult Day Services Centers,Pg8-7,MONTE DE HOREB ADULT DAYCARE,(786) 431-1214,N/A,,,,,,,,,,,,,,,,,,,,,,,,,,,,,,,,,202600299929,Link,202600299929,Filed,02/02/2026,02/02/2031,02/11/2026,202600299929,0,0,,1,"MONTE DE HOREB ADULT DAYCARE LLC
10841 SW 40TH ST
MIAMI, FL 33165",[],2,4407474
LA VIDA EN ROSA,Adult Day Services Centers,Pg8-10,LA VIDA EN ROSA,(305) 551-6382,http://lavidaenrosa.localsearch.com,,,,,,,,,,,,,,,,,,,,,,,,,,,,,,,,,20200330938X,Link,20200330938X,Filed,07/10/2020,07/10/2030,02/11/2026,20200330938X,1,0,,1,"LA VIDA EN ROSA ADULT DAY CARE INC
2433 SW 147 AVE
MIAMI, FL 33185",[],1,3660912
MARIA ADULT HOME CARE III,Adult Day Services Centers,Pg8-13,MARIA ADULT HOME CARE III,(305) 221-4369,N/A,,,,,,,,,,,,,,,,,,,,,,,,,,,,,,,,,202002803739,Link,202002803739,Lapsed,06/30/2020,06/30/2025,02/11/2026,202002803739,0,0,,1,"MARIA ADULT HOME CARE III, INC
14561 SW 30 ST
MIAMI, FL 33175",[],1,4045650
MY FAMILY ADULT DAYCARE,Adult Day Services Centers,Pg8-23,MY FAMILY ADULT DAYCARE,(305) 412-3889,http://myfamilyadultdaycare.localsearch.com,,,,,,,,,,,,,,,,,,,,,,,,,,,,,,,,,201709969944,Link,201709969944,Lapsed,01/13/2017,01/13/2022,02/11/2026,201709969944,0,0,,1,"MY FAMILY ADULT DAYCARE LLC
10029 SW 72ND ST
MIAMI, FL 33173",[],1,4510589
MIAMI HORIZON,Adult Day Services Centers,Pg8-28,MIAMI HORIZON,(786) 534-8080,http://miamihorizon.org,,,,,,,,,,,,,,,,,,,,,,,,,,,,,,,,,202003669432,Link,202003669432,Filed,07/26/2020,07/26/2030,02/11/2026,202003669432,1,0,,1,"MIAMI HORIZON ADULT DAY CARE INC
14505 COMMERCE WAY #450
MIAMI LAKES, FL 33016",[],1,4294799
LITTLE BIG PLANET LEARNING CENTER,Adult Day Services Centers,Pg9-2,LITTLE BIG PLANET LEARNING CENTER,(305) 233-9477,N/A,,,,,,,,,,,,,,,,,,,,,,,,,,,,,,,,,202109114868,Link,202109114868,Filed,11/12/2021,11/12/2026,02/11/2026,202109114868,0,0,,1,"LITTLE BIG PLANET LEARNING CENTER INC
16800 SW 145TH CT
MIAMI, FL 33177",[],1,3852981
ACTS ADULT CARE CENTER,Adult Day Services Centers,Pg9-3,ACTS ADULT CARE CENTER,(786) 409-2317,http://www.actsacc.com,,,,,,,,,,,,,,,,,,,,,,,,,,,,,,,,,202002508435,Link,202002508435,Filed,06/27/2020,06/27/2030,02/11/2026,202002508435,1,0,,1,"ACTS ADULT CARE CENTER LLC
8765 SW 165TH AVE STE 103-104
MIAMI, FL 33193",[],1,139870
ADULT HOPE DAY CARE,Adult Day Services Centers,Pg9-5,ADULT HOPE DAY CARE,(786) 701-2557,https://www.seniorlivinglink.org/directory/adult-day-care-services/adult-hope-day-care-inc,,,,,,,,,,,,,,,,,,,,,,,,,,,,,,,,,202004095642,Link,202004095642,Filed,08/11/2020,08/11/2030,02/11/2026,202004095642,1,0,,1,"ADULT HOPE DAY CARE INC.
12039 SW 132 COURT STE3 12 AND 13
MIAMI, FL 33186",[],1,159900
DEERFIELD BEACH CHAMBER OF COMMERCE,Adult Day Services Centers,Pg9-12,DEERFIELD BEACH CHAMBER OF COMMERCE,(954) 480-4200,http://chambermaster.pompanobeachchamber.com/list/searchalpha/c,,,,,,,,,,,,,,,,,,,,,,,,,,,,,,,,,20150375358X,Link,20150375358X,Lapsed,05/18/2015,05/18/2020,02/11/2026,20150375358X,0,0,,1,"DEERFIELD BEACH CHAMBER OF COMMERCE, A FLORIDA NON PROFIT CORPORATION
1601 E HILLSBORO BOULEVARD
DEERFIELD BEACH, FL 33441",[],5,1740956
MAE VOLEN SENIOR CENTER,Adult Day Services Centers,Pg9-15,MAE VOLEN SENIOR CENTER,(561) 482-5506,http://www.maevolen.com,,,,,,,,,,,,,,,,,,,,,,,,,,,,,,,,,201207082706,Link,201207082706,Lapsed,07/06/2012,07/06/2017,02/11/2026,201207082706,0,0,,1,"MAE VOLEN SENIOR CENTER INC
1515 W PALMETTO PARK RD
BOCA RATON, FL 33486-3307",[],1,3985723
MOUNT OLYMPUS SENIOR CARE AND ACTIVITY CENTER,Adult Day Services Centers,Pg9-20,MOUNT OLYMPUS SENIOR CARE AND ACTIVITY CENTER,(786) 230-6621,http://mountolympusseniorcareandactivitycenter.localsearch.com,,,,,,,,,,,,,,,,,,,,,,,,,,,,,,,,,202005269431,Link,202005269431,Filed,11/05/2020,11/05/2030,02/11/2026,202005269431,1,0,,1,"MOUNT OLYMPUS SENIOR CARE AND ACTIVITY CENTER CORP.
14443 COUNTRY WALK DR
MIAMI, FL 33186",[],1,4464795
MARGARITA,Adult Day Services Centers,Pg9-26,MARGARITA,(305) 256-9944,N/A,,,,,,,,,,,,,,,,,,,,,,,,,,,,,,,,,202108789349,Link,202108789349,Filed,10/14/2021,10/14/2026,02/11/2026,202108789349,1,0,,2,"TASTY CREATIONS CATERING INC
8812 SW 212TH TERRACE
CUTLER BAY, FL  3318

---

MARGARITA ALUMA JOSEFINA  
 372 NE 35TH AVE.
HOMESTEAD, FL 33033",[],2,4044413
DIAMAR ADULT DAYCARE CENTER,Adult Day Services Centers,Pg9-27,DIAMAR ADULT DAYCARE CENTER,(305) 256-9944,http://diamaradultdaycarecenter.localsearch.com,,,,,,,,,,,,,,,,,,,,,,,,,,,,,,,,,202001709755,Link,202001709755,Filed,05/22/2020,05/22/2030,02/11/2026,202001709755,1,0,,1,"DIAMAR ADULT DAYCARE CENTER
10989 SW 186 ST
MIAMI, FL 33174",[],1,1806215
LA EDAD PRODIGIOSA INC,Adult Day Services Centers,Pg9-29,LA EDAD PRODIGIOSA INC,(786) 429-3470,https://www.laedadprodigiosaadultdaycare.com,,,,,,,,,,,,,,,,,,,,,,,,,,,,,,,,,202401180751,Link,202401180751,Filed,05/03/2024,05/03/2029,02/11/2026,202401180751,0,0,,1,"LA EDAD PRODIGIOSA INC
18900 SW 106 AVESTE 101-102
MIAMI, FL 33157",[],1,3656080
GILD ADULT DAYCARE,Adult Day Services Centers,Pg9-30,GILD ADULT DAYCARE,(305) 484-7057,https://www.gildadultdaycare.com/about,,,,,,,,,,,,,,,,,,,,,,,,,,,,,,,,,202106256159,Link,202106256159,Filed,02/23/2021,02/23/2031,02/11/2026,202106256159,1,0,,1,"GILD ADULT DAYCARE LLC
18901 SW 106TH AVE
CUTLER BAY, FL 33157",[],1,2568207
ALZHEIMER'S COMMUNITY CARE,Adult Day Services Centers,Pg10-6,ALZHEIMER'S COMMUNITY CARE,(561) 391-6955,https://www.alzcare.org,,,,,,,,,,,,,,,,,,,,,,,,,,,,,,,,,201300254902,Link,201300254902,Filed,11/20/2013,11/20/2028,02/11/2026,201300254902,2,0,,1,"ALZHEIMER'S COMMUNITY CARE, INC.
800 NORTHPOINT PARKWAY, SUITE 101B
WEST PALM BEACH, FL 33407",[],2,297954
EL COMEDOR ADULT DAY CARE CORP,Adult Day Services Centers,Pg10-14,EL COMEDOR ADULT DAY CARE CORP,(786) 210-5484,http://elcomedoradultdaycarecorp.localsearch.com,,,,,,,,,,,,,,,,,,,,,,,,,,,,,,,,,202402627555,Link,202402627555,Filed,10/03/2024,10/03/2029,02/11/2026,202402627555,0,0,,1,"EL COMEDOR ADULT DAY CARE CORP
8003 NORTHWEST 95TH STREET #2
HIALEAH GARDENS, FL 33016",[],1,2031428
BUENA VIDA ADULT DAY CARE INC,Adult Day Services Centers,Pg10-15,BUENA VIDA ADULT DAY CARE INC,(786) 355-6464,http://buenavidaadultdaycareinc.localsearch.com,,,,,,,,,,,,,,,,,,,,,,,,,,,,,,,,,202502794429,Link,202502794429,Filed,07/18/2025,07/18/2030,02/11/2026,202502794429,0,0,,1,"BUENA VIDA ADULT DAY CARE INC
815 E. 41ST STREET
HIALEAH, FL 33013",[],2,988384
"PARADISE ADULT DAY CARE, INC",Adult Day Services Centers,Pg10-16,"PARADISE ADULT DAY CARE, INC",(786) 900-0090,N/A,,,,,,,,,,,,,,,,,,,,,,,,,,,,,,,,,202002658712,Link,202002658712,Filed,06/29/2020,06/29/2030,02/11/2026,202002658712,1,0,,1,"PARADISE ADULT DAY CARE, INC
50 LINDSAY CT SUITE 101-106
HIALEAH, FL 33010",[],1,4850265
CRESCENT ADULT DAY CARE,Adult Day Services Centers,Pg10-19,CRESCENT ADULT DAY CARE,(305) 635-9767,http://crescentadultdaycare.localsearch.com,,,,,,,,,,,,,,,,,,,,,,,,,,,,,,,,,202203738284,Link,202203738284,Filed,11/28/2022,11/28/2027,02/11/2026,202203738284,0,0,,1,"CRESCENT ADULT DAY CARE, INC., A FLORIDA CORPORATION
1550 W 84TH STREET, SUITE 65
HIALEAH, FL 33014",[],1,1557699
MI SEGUNDA CASA ADULT DAY CARE,Adult Day Services Centers,Pg10-20,MI SEGUNDA CASA ADULT DAY CARE,(786) 426-0084,http://misegundacasaadultdaycare.localsearch.com,,,,,,,,,,,,,,,,,,,,,,,,,,,,,,,,,20190908301X,Link,20190908301X,Filed,07/09/2019,07/09/2029,02/11/2026,20190908301X,1,0,,1,"MI SEGUNDA CASA ADULT DAY CARE INC
3599 NW 7 ST
MIAMI, FL 33125",[],1,4288737
LA MERCED ADULT DAY CARE,Adult Day Services Centers,Pg10-21,LA MERCED ADULT DAY CARE,(786) 837-1639,http://lamercedadultdaycare.localsearch.com,,,,,,,,,,,,,,,,,,,,,,,,,,,,,,,,,202004427467,Link,202004427467,Filed,08/21/2020,08/21/2030,02/11/2026,202004427467,1,0,,1,"LA MERCED ADULT DAY CARE
8707 SW 9TH TER
MIAMI, FL 33174",[],1,3657974
INTERNATIONAL DEVELOPMENT,Advertising & PR Agencies,Pg1-18,INTERNATIONAL DEVELOPMENT,(305) 200-4000,https://web.miramarpembrokepines.org/MARKETINGPUBLIC-RELATIONS?xsort=true,,,,,,,,,,,,,,,,,,,,,,,,,,,,,,,,,980000202853,Link,980000202853,Lapsed,09/10/1998,09/10/2003,02/11/2026,980000202853,0,0,,1,"INTERNATIONAL DEVELOPMENT & CONSTRUCTION INC
3333 S CONGRESS AVE STE #403-B
DELRAY BEACH, FL 334457308",[],1,3201339
MC2 ADVERTISING,Advertising & PR Agencies,Pg1-28,MC2 ADVERTISING,(954) 374-9925,http://mc2advertising.localsearch.com,,,,,,,,,,,,,,,,,,,,,,,,,,,,,,,,,201607935544,Link,201607935544,Lapsed,06/20/2016,06/20/2021,02/11/2026,201607935544,1,0,,1,"MC2 ADVERTISING, INC.
830 SEVILLA AVENUE
CORAL GABLES, FL 33134",[],1,4148671
TELEPHONETICS,Advertising & PR Agencies,Pg2-6,TELEPHONETICS,(954) 556-5900,http://www.telephonetics.com,,,,,,,,,,,,,,,,,,,,,,,,,,,,,,,,,980000142747,Link,980000142747,Lapsed,06/29/1998,06/29/2003,02/11/2026,980000142747,1,0,,1,"TELEPHONETICS INTERNATIONAL INC
4330 NW 207TH DRIVE
MIAMI, FL 33055",[],2,6360003
ISLA MARKETING,Advertising & PR Agencies,Pg2-11,ISLA MARKETING,(585) 298-0413,http://islamarketing.localsearch.com,,,,,,,,,,,,,,,,,,,,,,,,,,,,,,,,,202400721686,Link,202400721686,Filed,03/20/2024,03/20/2029,02/11/2026,202400721686,0,0,,1,"ISLA MARKETING LLC
610 E ZACK STREET SUITE 110
TAMPA, FL 33602",[],2,3223582
BARREDO PRODUCTIONS,Advertising & PR Agencies,Pg2-18,BARREDO PRODUCTIONS,(305) 816-8839,http://aproductionsinc.com,,,,,,,,,,,,,,,,,,,,,,,,,,,,,,,,,201609343555,Link,201609343555,Lapsed,11/07/2016,11/07/2021,02/11/2026,201609343555,1,0,,1,"BARREDO PRODUCTIONS, INC.
19641 NW 83RD AVENUE
MIAMI, FL 33015",[],1,596569
AEROLEASE AVIATION,Advertising & PR Agencies,Pg2-22,AEROLEASE AVIATION,(954) 916-4417,http://aeroleaseaviationfl.localsearch.com,,,,,,,,,,,,,,,,,,,,,,,,,,,,,,,,,201609823875,Link,201609823875,Lapsed,12/29/2016,12/29/2021,02/11/2026,201609823875,1,0,,1,"AEROLEASE AVIATION, LLC
810 BRICKELL AVENUE
MIAMI, FL 33131",[],2,177766
SERVICE MANAGEMENT INC,Advertising & PR Agencies,Pg2-24,SERVICE MANAGEMENT INC,(305) 829-0848,http://servicemanagementinc.localsearch.com,,,,,,,,,,,,,,,,,,,,,,,,,,,,,,,,,200601720812,Link,200601720812,Lapsed,01/23/2006,01/23/2016,02/11/2026,200601720812,2,0,,1,"SERVICE MANAGEMENT SYSTEMS,  INC.
7510 S. A1A
MELBOURNE, FL 32951",[],2,5790508
ERRA TECH SOLUTIONS INC,Advertising & PR Agencies,Pg3-1,ERRA TECH SOLUTIONS INC,(954) 639-7882,http://erratechsolutions.com,,,,,,,,,,,,,,,,,,,,,,,,,,,,,,,,,202003584615,Link,202003584615,Filed,07/22/2020,07/22/2030,02/11/2026,202003584615,1,0,,1,"ERRA TECH SOLUTIONS, INC.
1983 NW 183 AVE
PEMBROKE PINES, FL 33029",[],1,2102409
IMAGINART MEDIA PRODUCTIONS,Advertising & PR Agencies,Pg3-6,IMAGINART MEDIA PRODUCTIONS,(305) 303-0415,http://imaginartmedia.com,,,,,,,,,,,,,,,,,,,,,,,,,,,,,,,,,202003813843,Link,202003813843,Filed,08/02/2020,08/02/2030,02/11/2026,202003813843,1,0,,1,"IMAGINART MEDIA PRODUCTIONS, LLC
17814 SW 47TH STREET
MIRAMAR, FL 33029",[],1,3157930
EMC MANAGEMENT,Advertising & PR Agencies,Pg3-9,EMC MANAGEMENT,(954) 385-3485,http://emcmanagement.localsearch.com,,,,,,,,,,,,,,,,,,,,,,,,,,,,,,,,,202201530696,Link,202201530696,Filed,05/10/2022,05/10/2027,02/11/2026,202201530696,0,0,,1,"EMC MANAGEMENT CONSULTING LLC
4629 GULFWINDS DR
LUTZ, FL 33558",[],1,2063047
THE MENDA GROUP INC,Advertising & PR Agencies,Pg3-11,THE MENDA GROUP INC,(754) 217-4738,http://www.mendagroupadvertising.com,,,,,,,,,,,,,,,,,,,,,,,,,,,,,,,,,202005363675,Link,202005363675,Lapsed,11/16/2020,11/16/2025,02/11/2026,202005363675,0,0,,1,"THE MENDA GROUP, INC
15112 SW 37 STREET
DAVIE, FL 33331",[],2,6428760
EMERGE INTERNATIONAL,Advertising & PR Agencies,Pg3-14,EMERGE INTERNATIONAL,(305) 624-3808,http://emergeinternationalfl.localsearch.com,,,,,,,,,,,,,,,,,,,,,,,,,,,,,,,,,200706945334,Link,200706945334,Filed,11/06/2007,11/06/2027,02/11/2026,200706945334,4,0,,1,"EMERGE INTERNATIONAL, INC
18459 PINES BLVD STE 330
PEMBROKE PINES, FL 33029",[],1,2066755
GILMORE ASSOCIATES INC,Advertising & PR Agencies,Pg3-19,GILMORE ASSOCIATES INC,(954) 474-6851,http://www.gilmoredirect.com,,,,,,,,,,,,,,,,,,,,,,,,,,,,,,,,,990000004043,Link,990000004043,Lapsed,01/07/1999,01/07/2004,02/11/2026,990000004043,1,0,,1,"GILMORE ASSOCIATES INC
6851 S W 21ST CT - BAY 6
DAVIE, FL 33317",[],1,2574054
BIG PROMOTION INC,Advertising & PR Agencies,Pg3-27,BIG PROMOTION INC,(305) 624-0577,https://www.bigpromotion.com/contact-us,,,,,,,,,,,,,,,,,,,,,,,,,,,,,,,,,202109359985,Link,202109359985,Filed,12/06/2021,12/06/2026,02/11/2026,202109359985,0,0,,1,"BIG PROMOTION, INC.
4795 NW 157TH ST
MIAMI LAKES, FL 33014",[],1,749499
UNITED STATES PHARMACEUTICAL GROUP INC,Advertising & PR Agencies,Pg4-9,UNITED STATES PHARMACEUTICAL GROUP INC,(954) 903-5000,http://unitedstatespharmaceuticalgroupinc.localsearch.com,,,,,,,,,,,,,,,,,,,,,,,,,,,,,,,,,200304277450,Link,200304277450,Lapsed,06/23/2003,06/23/2008,02/11/2026,200304277450,2,0,,1,"UNITED STATES PHARMACEUTICAL GROUP, INC.
13650 N.W. 8TH STREET SUITE #109
SUNRISE, FL 33325",[],2,6685074
ANGEL'S CARIBBEAN,Advertising & PR Agencies,Pg4-13,ANGEL'S CARIBBEAN,(786) 280-2127,http://angelscaribbean.localsearch.com,,,,,,,,,,,,,,,,,,,,,,,,,,,,,,,,,202105787043,Link,202105787043,Filed,01/05/2021,01/05/2031,02/11/2026,202105787043,1,0,,3,"ANGEL'S CARIBBEAN EXPRESS LLC
3534 COZUMEL CIRCLE APT 406
KISSIMMEE, FL 34741

---

ANGEL NUNEZ
3534 COZUMEL CIRCLE APT 406
KISSIMMEE, FL 34741

---

NUNEZ ANGEL I
3534 COZUMEL CIRCLE APT 406
KISSIMMEE, FL 34741",[],3,366500
MVP ADVERTISING,Advertising & PR Agencies,Pg4-14,MVP ADVERTISING,(305) 628-0770,http://mvpadv.com,,,,,,,,,,,,,,,,,,,,,,,,,,,,,,,,,202107829029,Link,202107829029,Filed,7/23/2021,7/23/2026,02/11/2026,202107829029,0,0,,1,"MVP ADVERTISING INC
4980 NW 165TH ST UNIT A2
MIAMI LAKES, FL 33014",[],1,4508785
NEXT 1 INTERACTIVE,Advertising & PR Agencies,Pg4-15,NEXT 1 INTERACTIVE,(954) 888-9779,http://next1interactive.localsearch.com,,,,,,,,,,,,,,,,,,,,,,,,,,,,,,,,,201206856678,Link,201206856678,Lapsed,06/04/2012,06/04/2017,02/11/2026,201206856678,0,0,,1,"NEXT 1 INTERACTIVE, INC.
2690 WESTON ROAD, SUITE 200
WESTON, FL 33331",[],2,4601824
ASTAR MEDICAL,Advertising & PR Agencies,Pg4-18,ASTAR MEDICAL,(954) 217-7674,http://astarmedicalfl.localsearch.com,,,,,,,,,,,,,,,,,,,,,,,,,,,,,,,,,201608644225,Link,201608644225,Lapsed,09/01/2016,09/01/2021,02/11/2026,201608644225,0,0,,1,"ASTAR MEDICAL GROUP INC
1108 KANE CONCOURSE STE. 303
BAY HARBOR, FL 33154",[],1,455346
INK LINK MARKETING,Advertising & PR Agencies,Pg4-19,INK LINK MARKETING,(305) 631-2577,http://inklinkmarketing.com,,,,,,,,,,,,,,,,,,,,,,,,,,,,,,,,,202003184846,Link,202003184846,Lapsed,07/05/2020,07/05/2025,02/11/2026,202003184846,0,0,,1,"INK LINK MARKETING LLC
6073 NW 167TH ST STE C18
HIALEAH, FL 33015",[],1,3179668
CREATIVECORE,Advertising & PR Agencies,Pg4-27,CREATIVECORE,(786) 472-4471,http://www.creativecoregroup.com,,,,,,,,,,,,,,,,,,,,,,,,,,,,,,,,,202203527406,Link,202203527406,Filed,11/03/2022,11/03/2027,02/11/2026,202203527406,0,0,,1,"CREATIVECORE GROUP, INC
8181 NW 154TH ST STE 210
MIAMI LAKES, FL 33016",[],1,1554432
"LEVY ADVERTISING ENTERPRISES, INC",Advertising & PR Agencies,Pg5-8,"LEVY ADVERTISING ENTERPRISES, INC",(305) 592-5389,https://www.levyad.com,,,,,,,,,,,,,,,,,,,,,,,,,,,,,,,,,201002401559,Link,201002401559,Lapsed,4/23/2010,4/23/2025,02/11/2026,201002401559,3,0,,1,"LEVY ADVERTISING ENTERPRISES, INC.
8375 NW 30 TERR
MIAMI, FL 33122",[],1,3808504
CAPTION MEDIA,Advertising & PR Agencies,Pg5-20,CAPTION MEDIA,(754) 300-1800,http://cmgusa.net,,,,,,,,,,,,,,,,,,,,,,,,,,,,,,,,,202002213966,Link,202002213966,Filed,06/11/2020,06/11/2030,02/11/2026,202002213966,1,0,,1,"CAPTION MEDIA GROUP, LLC
2900 GLADES CIR, STE 300
WESTON, FL 33327",[],1,1114304
DYNAMIC DIRECT.COM INC,Advertising & PR Agencies,Pg5-23,DYNAMIC DIRECT.COM INC,(954) 281-5104,http://dynamicdirect.com,,,,,,,,,,,,,,,,,,,,,,,,,,,,,,,,,200807824109,Link,200807824109,Lapsed,3/10/2008,3/10/2013,02/11/2026,200807824109,0,0,,1,"DYNAMIC DIRECT.COM INC
6004 WILEY STREET
HOLLYWOOD, FL 33023",[],1,1963844
SHOW,Advertising & PR Agencies,Pg5-26,SHOW,(754) 888-9803,http://yellowpages.com/hollywood-fl/mip/the-polo-club-12745578,,,,,,,,,,,,,,,,,,,,,,,,,,,,,,,,,940000249190,Link,940000249190,Lapsed,12/12/1994,12/12/1999,02/11/2026,940000249190,0,0,,1,"SHOW & SELL INC
8000 NW 31ST ST 18
MIAMI, FL 33127",[],1,5849277
ISLAND ROMANCE HOLIDAYS,Advertising & PR Agencies,Pg5-30,ISLAND ROMANCE HOLIDAYS,(954) 440-4769,http://islandromanceholidays.localsearch.com,,,,,,,,,,,,,,,,,,,,,,,,,,,,,,,,,200200922341,Link,200200922341,Lapsed,04/19/2002,04/19/2007,02/11/2026,200200922341,0,0,,1,"ISLAND ROMANCE HOLIDAYS, INC.
7775 NORTHWEST 48TH ST STE 150
MIAMI, FL 33166",[],1,3226921
MDT MARKETING,Advertising & PR Agencies,Pg6-2,MDT MARKETING,(954) 764-6910,https://mdtmarketing.com/contact-us,,,,,,,,,,,,,,,,,,,,,,,,,,,,,,,,,202201267802,Link,202201267802,Filed,04/20/2022,04/20/2027,02/11/2026,202201267802,1,0,,1,"MDT MARKETING, INC
15471 SW 12TH ST STE 203
SUNRISE, FL 333261998",[],1,4216088
FUTURE ENDEAVORS,Advertising & PR Agencies,Pg6-6,FUTURE ENDEAVORS,(954) 893-6068,http://futureendeavorsfl.localsearch.com,,,,,,,,,,,,,,,,,,,,,,,,,,,,,,,,,202003114295,Link,202003114295,Filed,07/03/2020,07/03/2030,02/11/2026,202003114295,1,0,,1,"FUTURE ENDEAVORS
2120 SW 58 AVE
WEST PARK, FL 33023",[],1,2442125
SUNSHINE MARKETING,Advertising & PR Agencies,Pg6-13,SUNSHINE MARKETING,(954) 381-7740,http://sunshinemarketingfl.localsearch.com,,,,,,,,,,,,,,,,,,,,,,,,,,,,,,,,,201607963858,Link,201607963858,Lapsed,06/22/2016,06/22/2021,02/11/2026,201607963858,2,0,,1,"SUNSHINE MARKETING & MANAGEMENT CORP
13505 SW 83 CT
MIAMI, FL 33156",[],2,6240075
CONSULTING GROUP,Advertising & PR Agencies,Pg6-15,CONSULTING GROUP,(305) 506-5162,http://consultinggroupfl.localsearch.com,,,,,,,,,,,,,,,,,,,,,,,,,,,,,,,,,202301497519,Link,202301497519,Filed,05/31/2023,05/31/2028,02/11/2026,202301497519,1,0,,13,"3 NATIVES ACAI & JUICERY OWASSO, LLC
11412 N 134TH E AVE, STE C-1
OWASSO, OK 74055

---

3 NATIVES ACAI & JUICERY
11412 N 134TH E AVE, STE C-1
OWASSO, OK 74055

---

3 NATIVES ACAI & JUICERY OWASSO LLC
11412 N 134TH E AVE, STE C-1
OWASSO, OK 74055

---

3NATIVES ACAI & JUICERY /
11412 N 134TH E AVE, STE C-1
OWASSO, OK 74055

---

3 NATIVES OWASSO
11412 N 134TH E AVE, STE C-1
OWASSO, OK 74055

---

3NATIVES OWASSO
11412 N 134TH E AVE, STE C-1
OWASSO, OK 74055

---

3 NATIVES
11412 N 134TH E AVE, STE C-1
OWASSO, OK 74055

---

3NATIVES
11412 N 134TH E AVE, STE C-1
OWASSO, OK 74055

---

J.O.C VENTURES, LLC
11412 N 134TH E AVE, STE C-1
OWASSO, OK 74055

---

SETNOLOGY, LLC
11412 N 134TH E AVE, STE C-1
OWASSO, OK 74055

---

CONSULTING GROUP, LLC
11412 N 134TH E AVE, STE C-1
OWASSO, OK 74055

---

THE JAM BAND LLC
11412 N 134TH E AVE, STE C-1
OWASSO, OK 74055

---

ANDERSON ONEIL ANTHONY 
PO BOX 832
OWASSO, OK 74055",[],3,1462849
"GARTH SOLUTIONS, INC",Advertising & PR Agencies,Pg6-16,"GARTH SOLUTIONS, INC",(954) 727-3001,http://garthsolutions.com,,,,,,,,,,,,,,,,,,,,,,,,,,,,,,,,,202005269733,Link,202005269733,Filed,11/05/2020,11/05/2030,02/11/2026,202005269733,2,0,,1,"GARTH SOLUTIONS, INC.
5595 ORANGE DRIVE GARTH SOLUTIONS, INC.
DAVIE, FL 33314",[],1,2501502
MVP ADVERTISING,Advertising & PR Agencies,Pg6-21,MVP ADVERTISING,(305) 556-2200,https://mvpadv.com,,,,,,,,,,,,,,,,,,,,,,,,,,,,,,,,,202107829029,Link,202107829029,Filed,07/23/2021,07/23/2026,02/11/2026,202107829029,0,0,,1,"MVP ADVERTISING INC
4980 NW 165TH ST UNIT A2
MIAMI LAKES, FL 33014",[],1,4508785
ADVERTISING,Advertising & PR Agencies,Pg6-27,ADVERTISING,(786) 773-2499,http://mvpadvertising.godaddysites.com,,,,,,,,,,,,,,,,,,,,,,,,,,,,,,,,,201606270026,Link,201606270026,Lapsed,01/19/2016,01/19/2021,02/11/2026,201606270026,0,0,,1,"ADVERTISING & DESIGN EDUCATION
571 NW 28TH ST
MIAMI, FL 33127-4137",[],3,174024
THE LAREDO GROUP INC,Advertising & PR Agencies,Pg7-1,THE LAREDO GROUP INC,(954) 577-5720,http://thelaredogroupincfl.localsearch.com,,,,,,,,,,,,,,,,,,,,,,,,,,,,,,,,,202202980375,Link,202202980375,Filed,09/14/2022,09/14/2027,02/11/2026,202202980375,0,0,,1,"THE LAREDO GROUP, INC.
6963 WILSON RD
WEST PALM BEACH, FL 33413",[],1,6422589
GOLD COAST ADVERTISING,Advertising & PR Agencies,Pg7-5,GOLD COAST ADVERTISING,(954) 791-6131,http://www.goldcoastadvertising.com,,,,,,,,,,,,,,,,,,,,,,,,,,,,,,,,,200190388739,Link,200190388739,Lapsed,11/19/2001,11/19/2011,02/11/2026,200190388739,2,0,,1,"GOLD COAST ADVERTISING ASSOCIATES, INC.
4141 NORTHEAST 2ND AVENUE, SUITE 205
MIAMI, FL 33137",[],1,2612849
RIVER DISTRIBUTOR,Advertising & PR Agencies,Pg7-6,RIVER DISTRIBUTOR,(305) 698-9588,http://riverdistributor.localsearch.com,,,,,,,,,,,,,,,,,,,,,,,,,,,,,,,,,20160757391X,Link,20160757391X,Lapsed,05/11/2016,05/11/2021,02/11/2026,20160757391X,0,0,,2,"RIVER DISTRIBUTOR, INC
2280 W 84TH ST UNIT 5B
HIALEAH, FL 33016

---

MUFFIN MAN
2280 W 84TH ST UNIT 5B
HIALEAH, FL 33016",[],1,5427454
A D MIRACLE INC,Advertising & PR Agencies,Pg7-7,A D MIRACLE INC,(305) 883-5058,https://www.miraclebanners.com,,,,,,,,,,,,,,,,,,,,,,,,,,,,,,,,,201909521475,Link,201909521475,Lapsed,08/28/2019,08/28/2024,02/11/2026,201909521475,0,0,,1,"A D MIRACLE, INC.
2483 W. 80 ST
HIALEAH, FL 33016",[],2,69322
THE LAREDO GROUP INC,Advertising & PR Agencies,Pg7-10,THE LAREDO GROUP INC,(954) 577-5720,http://themathuringroup.com,,,,,,,,,,,,,,,,,,,,,,,,,,,,,,,,,202202980375,Link,202202980375,Filed,09/14/2022,09/14/2027,02/11/2026,202202980375,0,0,,1,"THE LAREDO GROUP, INC.
6963 WILSON RD
WEST PALM BEACH, FL 33413",[],1,6422589
REDLINE MEDIA GROUP,Advertising & PR Agencies,Pg7-12,REDLINE MEDIA GROUP,(954) 989-5600,http://redlinemediagroup.com,,,,,,,,,,,,,,,,,,,,,,,,,,,,,,,,,201309165740,Link,201309165740,Lapsed,06/04/2013,06/04/2023,02/11/2026,201309165740,1,0,,1,"REDLINE MEDIA GROUP, LLC
1951 TIGERTAIL BLVD
DANIA BEACH, FL 33004",[],1,5323792
LIPOF ADVERTISING,Advertising & PR Agencies,Pg7-21,LIPOF ADVERTISING,(954) 472-9999,http://lipofmcgee.com,,,,,,,,,,,,,,,,,,,,,,,,,,,,,,,,,202109540024,Link,202109540024,Filed,12/21/2021,12/21/2026,02/11/2026,202109540024,1,0,,1,"LIPOF ADVERTISING, INC
8030 PETERS RD STE D100
PLANTATION, FL 33324",[],1,3847981
SCI E-MARKETING INC,Advertising & PR Agencies,Pg7-26,SCI E-MARKETING INC,(305) 651-9311,http://sciemarketinginc.localsearch.com,,,,,,,,,,,,,,,,,,,,,,,,,,,,,,,,,200500974797,Link,200500974797,Lapsed,10/20/2005,10/20/2015,02/11/2026,200500974797,2,0,,1,"SCI E-MARKETING, INC.
201 S. BISCAYNE BLVD FL#28
MIAMI, FL 33131",[],1,5734537
THRUST,Advertising & PR Agencies,Pg7-29,THRUST,(754) 247-6605,https://bythrust.com,,,,,,,,,,,,,,,,,,,,,,,,,,,,,,,,,202003682730,Link,202003682730,Filed,07/26/2020,07/26/2030,02/11/2026,202003682730,1,0,,1,"THRUST AVIATION HOLDINGS LLC
7901 4TH ST N STE 300
ST PETERSBURG, FL 33702",[],1,6493731
T D I,Advertising & PR Agencies,Pg7-30,T D I,(305) 622-2877,http://tdi31215399.localsearch.com,,,,,,,,,,,,,,,,,,,,,,,,,,,,,,,,,200000099817,Link,200000099817,Lapsed,04/28/2000,04/28/2010,02/11/2026,200000099817,1,0,,1,"T D M I INC
7260 NW 25TH STREET UNIT #5
MIAMI, FL 33122",[],1,6291124
KWIK DRY,Advertising & PR Agencies,Pg8-1,KWIK DRY,(305) 827-0104,http://kwikdryfl.localsearch.com,,,,,,,,,,,,,,,,,,,,,,,,,,,,,,,,,202108091987,Link,202108091987,Filed,08/15/2021,08/15/2026,02/11/2026,202108091987,0,0,,1,"KWIK DRY INTERNATIONAL, LLC
4405 SHAWNEE PLACE
COCOA, FL 32926",[],1,3642600
GOLD COAST ADVERTISING,Advertising & PR Agencies,Pg8-2,GOLD COAST ADVERTISING,(954) 791-6131,http://goldcoastadvertising.com,,,,,,,,,,,,,,,,,,,,,,,,,,,,,,,,,200190388739,Link,200190388739,Lapsed,11/19/2001,11/19/2011,02/11/2026,200190388739,2,0,,1,"GOLD COAST ADVERTISING ASSOCIATES, INC.
4141 NORTHEAST 2ND AVENUE, SUITE 205
MIAMI, FL 33137",[],1,2612849
WORLD WEB PARTNERS,Advertising & PR Agencies,Pg8-4,WORLD WEB PARTNERS,(888) 690-3813,http://www.worldwebpartners.com,,,,,,,,,,,,,,,,,,,,,,,,,,,,,,,,,201806771576,Link,201806771576,Lapsed,10/15/2018,10/15/2023,02/11/2026,201806771576,0,0,,1,"WORLD WEB PARTNERS, INC
2001 HOLLYWOOD BLVD SUITE 309
HOLLYWOOD, FL 33020",[],1,7094361
WORLD MEDIA,Advertising & PR Agencies,Pg8-7,WORLD MEDIA,(954) 889-0990,http://worldmedia458743390.localsearch.com,,,,,,,,,,,,,,,,,,,,,,,,,,,,,,,,,20200273351X,Link,20200273351X,Filed,06/29/2020,06/29/2030,02/11/2026,20200273351X,1,0,,1,"WORLD MEDIA PICTURES, LLC
1555 BONAVENTURE BOULEVARD
WESTON, FL 33326",[],1,7092517
PRIME MED INC,Advertising & PR Agencies,Pg8-19,PRIME MED INC,(954) 384-7646,http://primemedinc.localsearch.com,,,,,,,,,,,,,,,,,,,,,,,,,,,,,,,,,200100052696,Link,200100052696,Lapsed,03/09/2001,03/09/2006,02/11/2026,200100052696,0,0,,1,"PRIME MED PHARMACY SERVICES INC
1300 MARSH LANDING PKWY STE 106
JACKSONVILLE BEACH, FL 32250",[],3,5153360
FAMILY MATTERS,Advertising & PR Agencies,Pg8-24,FAMILY MATTERS,(786) 520-4255,http://familymatters510430643.localsearch.com,,,,,,,,,,,,,,,,,,,,,,,,,,,,,,,,,202401416542,Link,202401416542,Filed,05/28/2024,05/28/2029,02/11/2026,202401416542,0,0,,1,"FAMILY MATTERS
1773 CRAWFORDVILLE HWY
CRAWFORDVILLE, FL 32327",[],1,2176283
MYCOM NORTH AMERICA,Advertising & PR Agencies,Pg8-26,MYCOM NORTH AMERICA,(954) 964-3283,http://mycomnorthamericafl.localsearch.com,,,,,,,,,,,,,,,,,,,,,,,,,,,,,,,,,200202639302,Link,200202639302,Lapsed,11/15/2002,11/15/2007,02/11/2026,200202639302,1,0,,2,"MYCOM NORTH AMERICA, INC.
4388 36TH STREET
ORLANDO, FL 32811

---

MYCOM NETWORKS, INC.
4388 36TH STREET
ORLANDO, FL 32811",[],4,4512532
THRUST,Advertising & PR Agencies,Pg9-7,THRUST,(305) 985-6449,https://bythrust.com,,,,,,,,,,,,,,,,,,,,,,,,,,,,,,,,,202003682730,Link,202003682730,Filed,7/26/2020,7/26/2030,02/11/2026,202003682730,1,0,,1,"THRUST AVIATION HOLDINGS LLC
7901 4TH ST N STE 300
ST PETERSBURG, FL 33702",[],1,6493731
TRISPARK MEDIA GROUP INC,Advertising & PR Agencies,Pg9-13,TRISPARK MEDIA GROUP INC,(954) 965-9791,https://trisparkmedia.com,,,,,,,,,,,,,,,,,,,,,,,,,,,,,,,,,202201346328,Link,202201346328,Filed,04/27/2022,04/27/2027,02/11/2026,202201346328,0,0,,1,"TRISPARK MEDIA GROUP, INC.
1380 N UNIVERSITY DR STE 100
PLANTATION, FL 33322",[],1,6606147
MARLITE INC,Advertising & PR Agencies,Pg9-16,MARLITE INC,(305) 655-3520,http://marlite.com,,,,,,,,,,,,,,,,,,,,,,,,,,,,,,,,,960000246778,Link,960000246778,Lapsed,11/26/1996,11/26/2001,02/11/2026,960000246778,0,0,,1,"MARLITE ENTERPRISES INC
633 OKEECHOBEE ROAD
HIALEAH, FL",[],2,4064090
CHOICE COMMUNICATIONS,Advertising & PR Agencies,Pg9-18,CHOICE COMMUNICATIONS,(954) 385-1051,http://choicecommunications506473842.localsearch.com,,,,,,,,,,,,,,,,,,,,,,,,,,,,,,,,,202001901559,Link,202001901559,Filed,05/30/2020,05/30/2030,02/11/2026,202001901559,1,0,,1,"CHOICE COMMUNICATIONS, LLC
1812 LAKELAND HILLS BLVD
LAKELAND, FL 33805",[],1,1291180
AD-BADGE CO,Advertising & PR Agencies,Pg9-19,AD-BADGE CO,(305) 652-8957,http://adbadgeco.localsearch.com,,,,,,,,,,,,,,,,,,,,,,,,,,,,,,,,,970000001719,Link,970000001719,Lapsed,01/02/1997,01/02/2002,02/11/2026,970000001719,0,0,,1,"AD-BADGE CO INC
18905 NE 5 AVENUE
MIAMI, FL 33179",[],1,141209
MARCUS PRODUCTIONS,Advertising & PR Agencies,Pg9-21,MARCUS PRODUCTIONS,(954) 965-5295,http://www.marcusproductions.com,,,,,,,,,,,,,,,,,,,,,,,,,,,,,,,,,1850151863,Link,1850151863,Lapsed,10/21/1985,10/21/2000,02/11/2026,1850151863,4,0,,2,"MARCUS PRODUCTIONS INC
2699 STERLING RD
FORT LAUDERDALE, FL

---

MARCUS STEVEN L
2699 STERLING RD
FORT LAUDERDALE, FL",[],4,4042868
VANTED SOLUTIONS,Advertising & PR Agencies,Pg10-5,VANTED SOLUTIONS,(954) 473-8585,http://vantedsolutions.localsearch.com,,,,,,,,,,,,,,,,,,,,,,,,,,,,,,,,,202108213929,Link,202108213929,Filed,08/24/2021,08/24/2026,02/11/2026,202108213929,0,0,,1,"VANTED SOLUTIONS INC
12717 W SUNRISE BLVD
SUNRISE, FL 33323",[],1,6742829
BEAUTY MALL,Advertising & PR Agencies,Pg10-7,BEAUTY MALL,(786) 953-8700,http://beautymall482936535.localsearch.com,,,,,,,,,,,,,,,,,,,,,,,,,,,,,,,,,202106826025,Link,202106826025,Filed,04/20/2021,04/20/2031,02/11/2026,202106826025,1,0,,1,"BEAUTY MALL HAIR & SPA
6840 SW 40TH ST STE 212
MIAMI, FL 33155",[],1,658465
MOBILE BILLBOARD MIAMI,Advertising & PR Agencies,Pg10-8,MOBILE BILLBOARD MIAMI,(305) 814-5880,http://mobilebillboardmiamifl.localsearch.com,,,,,,,,,,,,,,,,,,,,,,,,,,,,,,,,,202203361610,Link,202203361610,Filed,10/19/2022,10/19/2027,02/11/2026,202203361610,0,0,,1,"MOBILE BILLBOARD MIAMI
4201 SW 28TH ST
WEST PARK, FL 33023",[],1,4384458
WILD COFFEE MARKETING,Advertising & PR Agencies,Pg10-14,WILD COFFEE MARKETING,(855) 263-3335,https://wildcoffeemarketing.com,,,,,,,,,,,,,,,,,,,,,,,,,,,,,,,,,20230287806X,Link,20230287806X,Filed,10/19/2023,10/19/2028,02/11/2026,20230287806X,0,0,,1,"WILD COFFEE MARKETING LLC
8021 PETERS ROAD, APARTMENT 529
PLANTATION, FL 33324",[],1,6995254
BEYOND CREATIVE,Advertising & PR Agencies,Pg10-15,BEYOND CREATIVE,(954) 466-1057,https://gobeyondcreative.com/contact-us,,,,,,,,,,,,,,,,,,,,,,,,,,,,,,,,,20230271247X,Link,20230271247X,Filed,10/03/2023,10/03/2028,02/11/2026,20230271247X,0,0,,1,"BEYOND CREATIVE LLC
1859 SW 81ST LANE
DAVIE, FL 33324",[],1,735805
IMPACT IMAGES INC,Advertising & PR Agencies,Pg10-24,IMPACT IMAGES INC,(954) 985-0600,http://www.impactimagesinc.com,,,,,,,,,,,,,,,,,,,,,,,,,,,,,,,,,200900698339,Link,200900698339,Lapsed,06/12/2009,06/12/2024,02/11/2026,200900698339,5,0,,1,"IMPACT IMAGES INTERNATIONAL INC.
2890 GRIFFIN ROAD, STE. 2
FT. LAUDERDALE, FL 333162",[],1,3161364
CREATIVE STATE,Advertising & PR Agencies,Pg10-28,CREATIVE STATE,(305) 504-8877,https://www.creativestatex.com,,,,,,,,,,,,,,,,,,,,,,,,,,,,,,,,,202303015108,Link,202303015108,Filed,11/02/2023,11/02/2028,02/11/2026,202303015108,0,0,,1,"CREATIVE STATE MARKETING LLC
2780 NW 122ND ST
MIAMI, FL 33167",[],1,1554030
GIONORDIC,Advertising & PR Agencies,Pg10-29,GIONORDIC,(954) 756-2407,http://gionordic.localsearch.com,,,,,,,,,,,,,,,,,,,,,,,,,,,,,,,,,201907858723,Link,201907858723,Lapsed,02/22/2019,02/22/2024,02/11/2026,201907858723,0,0,,3,"GIONORDIC LLC
310 HOLLOWAY DR
PLANTATION, FL 33317

---

XE LOGISTICS
310 HOLLOWAY DR
PLANTATION, FL 33317

---

SANTOLALLA LEON GIOCO TZU
290 RACQUET CLUB RD APT 203
WESTON, FL 33326",[],2,2577753
HISPANIC MARKETING SERVICES,Advertising & PR Agencies,Pg10-30,HISPANIC MARKETING SERVICES,(786) 437-0936,http://hispanicmarketingservices.localsearch.com,,,,,,,,,,,,,,,,,,,,,,,,,,,,,,,,,930000252521,Link,930000252521,Lapsed,12/10/1993,12/10/1998,02/11/2026,930000252521,1,0,,1,"HISPANIC MARKETING SERVICES INC
999 PONCE DE LEON BLVD STE 710
CORAL GABLES, FL",[],1,3013346
MC2 ADVERTISING,Advertising Agencies,Pg1-13,MC2 ADVERTISING,(954) 374-9925,http://mc2advertising.localsearch.com,,,,,,,,,,,,,,,,,,,,,,,,,,,,,,,,,201607935544,Link,201607935544,Lapsed,06/20/2016,06/20/2021,02/11/2026,201607935544,1,0,,1,"MC2 ADVERTISING, INC.
830 SEVILLA AVENUE
CORAL GABLES, FL 33134",[],1,4148671
TELEPHONETICS,Advertising Agencies,Pg1-14,TELEPHONETICS,(954) 556-5900,http://www.telephonetics.com,,,,,,,,,,,,,,,,,,,,,,,,,,,,,,,,,980000142747,Link,980000142747,Lapsed,06/29/1998,06/29/2003,02/11/2026,980000142747,1,0,,1,"TELEPHONETICS INTERNATIONAL INC
4330 NW 207TH DRIVE
MIAMI, FL 33055",[],2,6360003
INTERNATIONAL DEVELOPMENT,Advertising Agencies,Pg1-17,INTERNATIONAL DEVELOPMENT,(305) 200-4000,https://web.miramarpembrokepines.org/MARKETINGPUBLIC-RELATIONS?xsort=true,,,,,,,,,,,,,,,,,,,,,,,,,,,,,,,,,980000202853,Link,980000202853,Lapsed,09/10/1998,09/10/2003,02/11/2026,980000202853,0,0,,1,"INTERNATIONAL DEVELOPMENT & CONSTRUCTION INC
3333 S CONGRESS AVE STE #403-B
DELRAY BEACH, FL 334457308",[],1,3201339
ISLA MARKETING,Advertising Agencies,Pg2-2,ISLA MARKETING,(585) 298-0413,http://islamarketing.localsearch.com,,,,,,,,,,,,,,,,,,,,,,,,,,,,,,,,,202400721686,Link,202400721686,Filed,03/20/2024,03/20/2029,02/11/2026,202400721686,0,0,,1,"ISLA MARKETING LLC
610 E ZACK STREET SUITE 110
TAMPA, FL 33602",[],2,3223582
AUTOMOTIVE ADVERTISING ASSOCIATES,Advertising Agencies,Pg2-11,AUTOMOTIVE ADVERTISING ASSOCIATES,(954) 434-4100,http://yellowpages.com/davie-fl/mip/automotive-advertising-associates-539483512,,,,,,,,,,,,,,,,,,,,,,,,,,,,,,,,,201909332230,Link,201909332230,Lapsed,08/06/2019,08/06/2024,02/11/2026,201909332230,0,0,,3,"AUTOMOTIVE ADVERTISING ASSOCIATES, INC.
16261 ONEIDA PLACE
DAVIE, FL 33331

---

STANGLE FREDRIC LAURENCE 
16261 ONEIDA PLACE
DAVIE, FL 33331

---

ZICCARDI BARBARA ANN 
16261 ONEIDA PLACE
DAVIE, FL 33331",[],2,493237
AEROLEASE AVIATION,Advertising Agencies,Pg2-14,AEROLEASE AVIATION,(954) 916-4417,http://aeroleaseaviationfl.localsearch.com,,,,,,,,,,,,,,,,,,,,,,,,,,,,,,,,,201609823875,Link,201609823875,Lapsed,12/29/2016,12/29/2021,02/11/2026,201609823875,1,0,,1,"AEROLEASE AVIATION, LLC
810 BRICKELL AVENUE
MIAMI, FL 33131",[],2,177766