Wood Window and Door Manufacturers,Pg35-28,ARTHUR WINDOW AND DOOR REPLACEMENT,(954) 870-4366,http://proswindowinstallers.com
Wood Window and Door Manufacturers,Pg35-29,FLORIDA WINDOWS AND DOORS,(305) 952-4376,http://floridawindowsanddoors.localsearch.com
Wood Window and Door Manufacturers,Pg35-30,DOORS 3UNITED WINDOWS,(305) 749-6341,http://doors3unitedwindows.localsearch.com
Wood Window and Door Manufacturers,Pg36-1,MIAMI WINDOWS AND SHOWER DOORS,(954) 391-9580,http://yellowpages.com/miramar-fl/mip/miramar-plumbing-461520503
Wood Window and Door Manufacturers,Pg36-2,ISAAC WINDOW AND DOOR REPLACEMENT,(954) 466-5652,http://remodelmykitchennow.com
Wood Window and Door Manufacturers,Pg36-3,DANIEL WINDOW AND DOOR REPLACEMENT,(954) 362-9126,http://profoundationrepairsolution.com
Wood Window and Door Manufacturers,Pg36-4,NATHAN WINDOW AND DOOR REPLACEMENT,(954) 250-6546,http://elitefloorpros.com
Wood Window and Door Manufacturers,Pg36-5,US GLASS MIRROR INC OF S FLA,(305) 940-1291,http://usglassmirrorincofsfla.localsearch.com
Wood Window and Door Manufacturers,Pg36-6,ALL AMERICAN SHOWER DOORS &AMP; GLASS,(954) 628-6210,http://allamericanshowerglass.co/about
Wood Window and Door Manufacturers,Pg36-7,REPUBLIC IMPACT WINDOWS &AMP; DOORS,(754) 800-4115,https://www.republicwindow.com
Wood Window and Door Manufacturers,Pg36-8,DIVERSIFIED GLASS AND MIRROR,(954) 809-5699,http://diversifiedglassandmirror.localsearch.com
Wood Window and Door Manufacturers,Pg36-9,EXPRESS GLASS &AMP; BOARD UP SERVICES,(954) 707-6443,http://www.expressglassfl.com/fort-lauderdale-glass-window-repair
Wood Window and Door Manufacturers,Pg36-10,S &AMP; A GENERAL CONTRACTING SOUTH LLC,(973) 460-8948,http://www.sa-gc.com
Wood Window and Door Manufacturers,Pg36-11,GLASS BY DESIGN,(954) 433-8698,http://www.framelessshower.com
Wood Window and Door Manufacturers,Pg36-12,AA BROWARD GLASS,(954) 696-9449,http://aabrowardglass.localsearch.com
Wood Window and Door Manufacturers,Pg36-13,L &AMP; M WINDOWS &AMP; DOORS,(954) 260-1444,http://lmwindowsdoorsfl.localsearch.com
Wood Window and Door Manufacturers,Pg36-14,"COASTLINE WINDOWS &AMP; DOORS, INC.",(954) 687-0286,http://coastlinewindowsdoorsinc.localsearch.com
Wood Window and Door Manufacturers,Pg36-15,GARAGE DOOR TUNE UP,(954) 361-9829,https://www.findapros.com/garagedoorrepair
Wood Window and Door Manufacturers,Pg36-16,ACCUTRACK DOOR REPAIR BY BRIAN,(954) 271-2483,N/A
Wood Window and Door Manufacturers,Pg36-17,KEYS WINDOW &AMP; DOOR CO,(954) 612-2688,http://keyswindowdoorcofl.localsearch.com
Wood Window and Door Manufacturers,Pg36-18,ACCUTRACK DOOR REPAIR BY BRIAN,(954) 228-7129,N/A
Wood Window and Door Manufacturers,Pg36-19,AMS LOCKS &AMP; DOORS,(954) 607-2848,N/A
Wood Window and Door Manufacturers,Pg36-20,ALL WINDOW &AMP; DOOR REPAIR,(954) 554-7173,N/A
Wood Window and Door Manufacturers,Pg36-21,J.A.B. MANUFACTURING,(954) 382-2828,N/A
Yogurt Shops,Pg1-1,YOGURT UR WAY,(954) 765-6836,N/A
Yogurt Shops,Pg1-2,NUTS ABOUT YOGURT,(954) 564-6887,http://nutsaboutyogurtfl.localsearch.com
Yogurt Shops,Pg1-3,RED MANGO,(954) 564-0099,N/A
Yogurt Shops,Pg1-4,ECO YOGURT LOUNGE,(954) 763-0305,http://ecoyogurtlounge.localsearch.com
Yogurt Shops,Pg1-5,MENCHIE'S FROZEN YOGURT,(754) 200-4962,http://www.menchies.com
Yogurt Shops,Pg1-6,TCBY,(954) 561-5923,http://tcby.com
Yogurt Shops,Pg1-7,YOGURT LITE AND TREATS,(954) 613-3590,http://yogurtliteandtreats.localsearch.com
Yogurt Shops,Pg1-8,YOGURTLAND,(954) 458-8311,http://www.yogurt-land.com
Yogurt Shops,Pg1-9,LARRY'S ICE CREAM AND YOGURT,(954) 752-0497,http://www.larrysicecreamandyogurt.com
Yogurt Shops,Pg1-10,COCOYOGURT,(954) 835-5687,http://cocoyogurt.localsearch.com
Yogurt Shops,Pg1-11,ORANGE LEAF,(954) 544-3957,http://orangeleaf503099805.localsearch.com
Yogurt Shops,Pg1-12,YOGURT CAFE,(561) 400-8037,N/A
Yogurt Shops,Pg1-13,SOUTHPORT YOGURT INC,(954) 916-8800,N/A
Yogurt Shops,Pg1-14,THE SKINNY DIP FROZEN YOGURT BAR PLANTATION,(954) 616-8432,http://www.ilovetheskinnydip.com
Yogurt Shops,Pg1-15,AROA CRAFT YOGURT &AMP; CAFE,(954) 533-0328,http://www.aroayogurt.com
Yogurt Shops,Pg1-16,AHJ FROZEN YOGURT,(954) 368-3530,http://ahjfrozenyogurt.localsearch.com
Yogurt Shops,Pg1-17,YOGEN FRUZ,(954) 475-2130,http://www.yogenfruz.com
Yogurt Shops,Pg1-18,YOGURTBERRY,(954) 370-7171,N/A
Yogurt Shops,Pg1-19,YOGURT UR WAY CAFE,(954) 399-9840,N/A
Yogurt Shops,Pg1-20,YUMZ FROZEN YOGURT,(954) 530-5134,http://yumzfrozenyogurtfl.localsearch.com
Yogurt Shops,Pg1-21,SUBZZERO I CREAM &AMP; YOGURT,(754) 263-3361,N/A
Yogurt Shops,Pg1-22,HEAVENLY FROZEN YOGURT,(954) 963-1030,http://www.heavenlyfrozenyogurt.com
Yogurt Shops,Pg1-23,YUMMY YOGURT &AMP; ICE CREAM,(954) 585-0300,N/A
Yogurt Shops,Pg1-24,FRIOLAND YOGURT AND SMOOTHIES,(954) 473-9500,http://friolandyogurtandsmoothies.localsearch.com
Yogurt Shops,Pg1-25,NITRO YOGURT,(954) 247-9845,http://nitroyogurt.localsearch.com
Yogurt Shops,Pg1-26,NOY YOGURT,(954) 530-0798,http://yellowpages.com/plantation-fl/mip/menchies-frozen-yogurt-474303417
Yogurt Shops,Pg1-27,D'LISH FROZEN YOGURT,(954) 639-7663,N/A
Yogurt Shops,Pg1-28,SWEED FOOD YOGURT,(954) 473-5000,N/A
Yogurt Shops,Pg1-29,YOUGURLICIOUS,(954) 747-9819,N/A
Yogurt Shops,Pg1-30,YOGURT CITY PLATES,(954) 704-8800,N/A
Yogurt Shops,Pg2-1,PINKBERRY,(305) 935-3503,http://pinkberry.com
Yogurt Shops,Pg2-2,HONEYBEES FROZEN YOGURT,(954) 975-5911,http://honeybeesfrozenyogurt.localsearch.com
Yogurt Shops,Pg2-3,DANILICIOUS FROZEN YOGURT,(954) 247-5459,http://shopfestival.com/stores/danilicious-frozen-yogurt-juice-bar
Yogurt Shops,Pg2-4,GREEN LEAF'S &AMP; BANANAS,(954) 345-7448,http://locations.greenleafsbananas.com/us/fl/coral-springs/9469-w-atlantic-blvd.html?utm_source=yext&amp;utm_medium=local&amp;utm_campaign=website
Yogurt Shops,Pg2-5,FRO YO FRENZY,(561) 417-8008,https://www.facebook.com/froyofrenzy
Yogurt Shops,Pg2-6,ALLEGRIA FROZEN YOGURT AND CUPCAKES,(954) 977-8077,http://allegriafrozenyogurtandcupcakes.localsearch.com
Yogurt Shops,Pg2-7,TUTTI FRUTTI FROZEN YOGURT,(954) 659-9912,N/A
Yogurt Shops,Pg2-8,YOGURT UR WAY,(954) 340-9486,http://yogurturwayfl.localsearch.com
Yogurt Shops,Pg2-9,JOJI YOGURT &AMP; DESSERT BAR,(754) 222-6823,http://jojiyogurt.com
Yogurt Shops,Pg2-10,WHIT'S FROZEN CUSTARD,(954) 531-6950,https://whitscustard.com/locations/lighthouse-point?rq=Lighthouse%20Point
Yogurt Shops,Pg2-11,FLUTTERS ICE CREAM AND DESSERTS,(954) 933-2152,http://fluttersicecreamanddesserts.localsearch.com
Yogurt Shops,Pg2-12,YOGURT SPOT,(305) 974-0223,N/A
Yogurt Shops,Pg2-13,YUM PRODUCTIONS,(954) 499-4044,N/A
Yogurt Shops,Pg2-14,YOGURTINI SELF-SERVE,(954) 340-4990,http://www.yogurtini.com
Yogurt Shops,Pg2-15,I HEALTH COURT,(305) 851-5841,N/A
Yogurt Shops,Pg2-16,PINK PAPAYA FROZEN YOGURT CAFE,(954) 796-8886,http://pinkpapayafrozenyogurtcafe.localsearch.com
Yogurt Shops,Pg2-17,SMOOTHIE EXPRESS,(954) 391-9261,http://smoothieexpressone.com
Yogurt Shops,Pg2-18,INCREDIBLE ICES &AMP; YOGURT CAFE,(954) 441-1222,N/A
Yogurt Shops,Pg2-19,YOGURT UR WAY,(954) 429-2792,http://yogurturway.localsearch.com
Yogurt Shops,Pg2-20,WORLD YOGURT,(954) 429-2792,N/A
Yogurt Shops,Pg2-21,SEA VIEW CAFE &AMP; YO BERRI,(954) 420-9631,http://seaviewcafeyoberri.localsearch.com
Yogurt Shops,Pg2-22,ELITE FROZEN YOGURT,(954) 255-1537,N/A
Yogurt Shops,Pg2-23,YOGURT CRAZE,(954) 344-3884,N/A
Yogurt Shops,Pg2-24,THE YOGURT EMPORIUM INC,(561) 347-1140,https://www.facebook.com/YogurtEmporium/?ref=page_internal
Yogurt Shops,Pg2-25,LUCKYS FROZEN YOGURT AND MORE,(561) 961-0743,N/A
Yogurt Shops,Pg2-26,YOGURT RENDEZVOUS,(561) 392-8384,N/A
Yogurt Shops,Pg2-27,"YOGURT AND MORE, BRANDY'S",(561) 419-8228,http://yellowpages.com/boca-raton-fl/mip/orange-leaf-mizner-456056269
Yogurt Shops,Pg2-28,SURFSIDE YOGURT STOP,(305) 763-8136,N/A
Yogurt Shops,Pg2-29,THE DAIRY FAIRY,(305) 865-1506,http://thedairyfairy.localsearch.com
Yogurt Shops,Pg2-30,SERENDIPITY YOGURT CAFE,(305) 865-1506,http://serendipitycreamery.com
Yogurt Shops,Pg3-1,YOGURT SPOT,(305) 974-0223,N/A
Yogurt Shops,Pg3-2,MENCHIE'S FROZEN YOGURT,(954) 499-4044,http://www.menchies.com
Yogurt Shops,Pg3-3,YUM PRODUCTIONS,(954) 499-4044,N/A
Yogurt Shops,Pg3-4,TUTTI FRUTTI FROZEN YOGURT,(754) 400-9157,http://tfyogurt.com
Yogurt Shops,Pg3-5,TCBY,(954) 424-8868,http://www.tcby.com
Yogurt Shops,Pg3-6,YOGURTINI SELF-SERVE,(954) 340-4990,http://www.yogurtini.com
Yogurt Shops,Pg3-7,I HEALTH COURT,(305) 851-5841,N/A
Yogurt Shops,Pg3-8,PINK PAPAYA FROZEN YOGURT CAFE,(954) 796-8886,http://pinkpapayafrozenyogurtcafe.localsearch.com
Yogurt Shops,Pg3-9,SMOOTHIE EXPRESS,(954) 391-9261,http://smoothieexpressone.com
Yogurt Shops,Pg3-10,INCREDIBLE ICES &AMP; YOGURT CAFE,(954) 441-1222,N/A
Yogurt Shops,Pg3-11,YOGURT UR WAY,(954) 429-2792,http://yogurturway.localsearch.com
Yogurt Shops,Pg3-12,WORLD YOGURT,(954) 429-2792,N/A
Yogurt Shops,Pg3-13,SEA VIEW CAFE &AMP; YO BERRI,(954) 420-9631,http://seaviewcafeyoberri.localsearch.com
Yogurt Shops,Pg3-14,YOGEN FRUZ,(305) 949-0067,http://www.yogenfruz.com
Yogurt Shops,Pg3-15,ELITE FROZEN YOGURT,(954) 255-1537,N/A
Yogurt Shops,Pg3-16,YOGURT CRAZE,(954) 344-3884,N/A
Yogurt Shops,Pg3-17,YOGEN FRUZ,(786) 440-5543,http://yellowpages.com/north-miami-fl/mip/yogen-fruz-495713557
Yogurt Shops,Pg3-18,TCBY,(954) 432-5900,http://www.tcby.com
Yogurt Shops,Pg3-19,THE YOGURT EMPORIUM INC,(561) 347-1140,https://www.facebook.com/YogurtEmporium/?ref=page_internal
Yogurt Shops,Pg3-20,MENCHIE'S FROZEN YOGURT,(954) 447-4007,https://www.menchies.com/location/cobblestone-plaza
Yogurt Shops,Pg3-21,YOGURTLAND,(954) 385-6800,http://www.yogurt-land.com
Yogurt Shops,Pg3-22,YOGURTLAND,(786) 518-2823,N/A
Yogurt Shops,Pg3-23,LUCKYS FROZEN YOGURT AND MORE,(561) 961-0743,N/A
Yogurt Shops,Pg3-24,YOGURTLAND,(954) 404-9228,N/A
Yogurt Shops,Pg3-25,TCBY,(561) 447-3404,N/A
Yogurt Shops,Pg3-26,MENCHIE'S FROZEN YOGURT,(954) 659-9118,https://www.menchies.com/location/weston-lakes-plaza
Yogurt Shops,Pg3-27,YOGEN FRUZ,(786) 866-9004,N/A
Yogurt Shops,Pg3-28,MENCHIE'S FROZEN YOGURT,(561) 347-7001,http://www.menchies.com
Yogurt Shops,Pg3-29,YOGURT RENDEZVOUS,(561) 392-8384,N/A
Yogurt Shops,Pg3-30,MENCHIE'S FROZEN YOGURT,(305) 826-6014,http://www.menchies.com
Yogurt Shops,Pg4-1,"YOGURT AND MORE, BRANDY'S",(561) 419-8228,http://yellowpages.com/boca-raton-fl/mip/orange-leaf-mizner-456056269
Yogurt Shops,Pg4-2,SURFSIDE YOGURT STOP,(305) 763-8136,N/A
Yogurt Shops,Pg4-3,THE DAIRY FAIRY,(305) 865-1506,http://thedairyfairy.localsearch.com
Yogurt Shops,Pg4-4,SERENDIPITY YOGURT CAFE,(305) 865-1506,http://serendipitycreamery.com
Yogurt Shops,Pg4-5,ORANGE LEAF MIZNER,(561) 826-8234,http://orangeleafmizner.localsearch.com
Yogurt Shops,Pg4-6,CBY -MIA-BRANCH B,(954) 239-6500,http://cbymiabranchb.localsearch.com
Yogurt Shops,Pg4-7,YOGEN FRUZ,(561) 368-5003,http://www.yogenfruz.com
Yogurt Shops,Pg4-8,CUPS FROZEN YOGURT,(561) 338-8828,http://cupsfrozenyogurt.com
Yogurt Shops,Pg4-9,YOGEN FRUZ,(561) 368-5003,http://yellowpages.com/boca-raton-fl/mip/associated-business-insurance-13288707
Yogurt Shops,Pg4-10,YOGURT AND ICECREAM,(561) 961-0944,http://www.facebook.com/brendysatboca
Yogurt Shops,Pg4-11,SWEETFROG,(954) 704-1406,http://sweetfrog.com
Yogurt Shops,Pg4-12,YOKEY YOGURT,(305) 827-8341,http://yellowpages.com/hialeah-fl/mip/yokey-yogurt-497092852
Yogurt Shops,Pg4-13,BOCA YOGURT &AMP; ICE CREAM INC,(561) 989-8992,https://www.teamboca.com
Yogurt Shops,Pg4-14,ORANGE LEAF FROZEN YOGURT,(561) 455-4623,http://www.orangeleafyogurt.com
Yogurt Shops,Pg4-15,FY &AMP; I FROZEN YOGURT &AMP; ICE CREAM,(561) 450-7402,http://fyidelray.com
Yogurt Shops,Pg4-16,BRAIN FREEZE NITROGEN ICE CREAM &AMP; YOGURT LAB,(786) 235-8505,N/A
Yogurt Shops,Pg4-17,MIMI FROZEN YOGURT,(305) 865-0085,http://mimifrozenyogurt.localsearch.com
Yogurt Shops,Pg4-18,MENCHIE'S FROZEN YOGURT,(305) 557-5755,https://www.menchies.com/locations/frozen-yogurt-miami-lakes-drive-fl
Yogurt Shops,Pg4-19,FROSTY'S LAB NITROGEN YOGURT &AMP; ICE CREAM,(786) 353-9775,https://www.frostyslab.com/locations
Yogurt Shops,Pg4-20,MIA'S FROZEN YOGURT,(305) 763-8236,http://mimifroyo.com
Yogurt Shops,Pg4-21,YOGEN FRUZ,(561) 997-0787,N/A
Yogurt Shops,Pg4-22,TUTTI FRUTTI FROZEN YOGURT,(561) 999-5300,N/A
Yogurt Shops,Pg4-23,YOGEN FRUZ,(561) 997-0787,N/A
Yogurt Shops,Pg4-24,BRENDY'S YOGURT &AMP; ICE CREAM,(561) 883-7148,http://www.tripadvisor.com/Restaurant_Review-g34088-d895715-Reviews-Brendy_s_Yogurt_Ice_Cream-Boca_Raton_Florida.html
Yogurt Shops,Pg4-25,2000 CAFE INC,(305) 828-0690,http://latincafe.com
Yogurt Shops,Pg4-26,MENCHIE'S FROZEN YOGURT,(305) 822-8322,http://www.menchies.com/frozen-yogurt-shops/frozen-yogurt-hialeah-mercado-fl
Yogurt Shops,Pg4-27,YOGEN FRUZ,(305) 823-0504,http://www.yogenfruz.com
Yogurt Shops,Pg4-28,YOGURT4YOU,(305) 828-8860,http://yogurt4youfl.localsearch.com
Yogurt Shops,Pg4-29,YO MIX FROZEN YOGURT,(786) 543-7937,N/A
Yogurt Shops,Pg4-30,MY YOGURT CAFE,(305) 695-1071,http://myyogurtcafe.localsearch.com
Yogurt Shops,Pg5-1,PINKBERRY,(305) 548-8678,https://www.pinkberry.com/stores/15179
Yogurt Shops,Pg5-2,BRENDY'S YOGURT &AMP; ICE CREAM,(561) 496-2328,https://www.facebook.com/brendysatdelray
Yogurt Shops,Pg5-3,TCBY,(561) 496-2328,http://tcby579085953.localsearch.com
Yogurt Shops,Pg5-4,YOGEN FRUZ,(305) 674-1100,N/A
Yogurt Shops,Pg5-5,BLISSBERRY YOGURT BAR,(786) 623-5660,http://blissberryyogurtbar.localsearch.com
Yogurt Shops,Pg5-6,MY YOGURT CAFE,(305) 695-1071,N/A
Yogurt Shops,Pg5-7,PINKBERRY,(786) 484-0451,http://www.pinkberry.com
Yogurt Shops,Pg5-8,MENCHIE'S FROZEN YOGURT,(561) 332-3550,https://www.menchies.com/locations/frozen-yogurt-delray-marketplace-fl
Yogurt Shops,Pg5-9,FOREVER YOGURT,(305) 763-8212,http://forever21.com
Yogurt Shops,Pg5-10,MENCHIE'S FROZEN YOGURT,(786) 245-7481,N/A
Yogurt Shops,Pg5-11,RED MANGO,(305) 673-3553,http://www.redmangousa.com
Yogurt Shops,Pg5-12,POWERFUL YOGURT-HEADQUARTERS,(305) 704-3299,http://powerful.co
Yogurt Shops,Pg5-13,ORANGE LEAF,(561) 894-8230,http://orangeleafyogurt.com
Yogurt Shops,Pg5-14,YOGURT 4 YOU,(305) 968-4008,N/A
Yogurt Shops,Pg5-15,TCBY,(305) 526-1112,http://www.tcby.com
Yogurt Shops,Pg5-16,YUZU FROZEN YOGURT &AMP; CREPES,(786) 536-9325,http://www.yuzuworld.com
Yogurt Shops,Pg5-17,TCBY,(786) 517-5555,http://www.tcby.com
Yogurt Shops,Pg5-18,FROZEN YOUGURT IN MIAMI,(786) 409-7937,http://frozenyogurtinmiamifl.com
Yogurt Shops,Pg5-19,YOGEN FRUZ,(305) 591-0009,http://www.yogenfruz.com
Yogurt Shops,Pg5-20,TUTTI FRUTTI,(305) 649-8884,http://tfyogurt.com
Yogurt Shops,Pg5-21,YOGURTLAND,(305) 599-9620,http://yogurtland461849650.localsearch.com
Yogurt Shops,Pg5-22,YUPYOGURT YOPYOGURT,(786) 265-1600,http://yupyogurtyopyogurt.localsearch.com
Yogurt Shops,Pg5-23,TUTTI FRUTTI FROZEN YOGURT,(305) 255-0880,N/A
Yogurt Shops,Pg5-24,YOGURTLAND,(305) 668-3241,http://www.yogurt-land.com
Yogurt Shops,Pg5-25,TCBY,(786) 433-8229,http://www.tcby.com
Yogurt Shops,Pg5-26,YOGURT LIFE,(305) 261-6868,http://yogurtlife.localsearch.com
Yogurt Shops,Pg5-27,TCBY,(305) 441-2613,N/A
Yogurt Shops,Pg5-28,YOGURT EMPIRE,(561) 731-1447,http://yogurt-emporium.edan.io
Yogurt Shops,Pg5-29,PALM BEACH YOGURT CAFE INC,(561) 731-1447,http://palmbeachyogurtcafeinc.localsearch.com
Yogurt Shops,Pg5-30,DIY FROZEN YOGURT,(561) 733-8221,http://diyfrozenyogurtfl.localsearch.com
Yogurt Shops,Pg6-1,YOGURTINI SELF SERVE FROZEN YOGURT,(305) 444-1441,http://yogurtiniselfservefrozenyogurtcocowalk.localsearch.com
Yogurt Shops,Pg6-2,TCBY,(786) 464-0908,http://www.lagambarestaurant.com
Yogurt Shops,Pg6-3,"YOGURAMA, FROZEN YOGURT CAFE",(305) 665-0101,N/A
Yogurt Shops,Pg6-4,THE YOGURT PLACE,(561) 738-6477,http://yellowpages.com/boynton-beach-fl/mip/the-yogurt-place-6617434
Yogurt Shops,Pg6-5,SUNDAES FROZEN YOGURT,(561) 277-9807,N/A
Yogurt Shops,Pg6-6,DIY FROZEN YOGURT,(561) 737-2866,N/A
Yogurt Shops,Pg6-7,MENCHIE'S FROZEN YOGURT,(305) 223-7707,http://menchies.com
Yogurt Shops,Pg6-8,MENCHIE'S FROZEN YOGURT,(305) 223-7708,http://www.menchies.com
Yogurt Shops,Pg6-9,GOYO FROZEN YOGURT,(561) 732-5558,http://goyofrozenyogurt.localsearch.com
Yogurt Shops,Pg6-10,CHICBERRY FROZEN YOGURT,(786) 343-9772,N/A
Yogurt Shops,Pg6-11,YUP FROZEN YOGURT,(305) 361-9100,N/A
Yogurt Shops,Pg6-12,TPS FROZEN YOGURT,(305) 365-5858,http://mimifroyo.com
Yogurt Shops,Pg6-13,YOGEN FRUZ,(305) 365-5858,http://www.yogenfruz.com
Yogurt Shops,Pg6-14,YOGURTLAND,(561) 223-3938,http://yogurtland483616303.localsearch.com
Yogurt Shops,Pg6-15,TART &AMP; BERRY,(305) 279-2108,N/A
Yogurt Shops,Pg6-16,BLISS MY YOGURT,(305) 667-0244,http://blissmyyogurt.localsearch.com
Yogurt Shops,Pg6-17,MENCHIE'S FROZEN YOGURT,(305) 661-8677,http://www.menchies.com
Yogurt Shops,Pg6-18,YUZU FROZEN YOGURT,(305) 763-8685,http://yuzufrozenyogurt.localsearch.com
Yogurt Shops,Pg6-19,GOLDEN SPOON,(561) 720-2443,http://yellowpages.com/lake-worth-fl/mip/cold-stone-creamery-8109490
Yogurt Shops,Pg6-20,LLAOLLAO FROZEN YOGURT,(772) 621-0237,N/A
Yogurt Shops,Pg6-21,LICK NITROGEN ICE CREAM &AMP; YOGURT LAB,(786) 373-5656,N/A
Yogurt Shops,Pg6-22,TOP THAT YOGURT,(786) 313-3858,https://topthatyogurtmiami.mybistro.online
Yogurt Shops,Pg6-23,FROSTYA۪S LAB NITORGEN YOGURT &AMP; ICE CREAM,(305) 381-5707,https://www.frostyslab.com
Yogurt Shops,Pg6-24,MENCHIE'S FROZEN YOGURT,(561) 357-9914,http://www.menchies.com
Yogurt Shops,Pg6-25,ICE CREAM &AMP; YOGURT CLUB,(561) 582-0778,http://www.icecreamclub.com
Yogurt Shops,Pg6-26,BERRY BERRY FROZEN YOGURT,(786) 558-7094,http://berryberryfrozenyogurt.localsearch.com
Yogurt Shops,Pg6-27,SUBZERO ICE CREAM &AMP; YOGURT,(786) 534-5844,http://www.subzeroicecream.com
Yogurt Shops,Pg6-28,TUTTI FRUTTI FROZEN YOGURT,(305) 271-3797,N/A
Yogurt Shops,Pg6-29,BRAIN FREEZE NITROGEN ICE CREAM AND YOGURT LAB,(786) 235-8505,N/A
Yogurt Shops,Pg6-30,YOGURTLAND,(305) 279-3479,http://www.yogurt-land.com
Yogurt Shops,Pg7-1,THE YOGURT PLACE,(561) 738-6477,N/A
Yogurt Shops,Pg7-2,MENCHIE'S FROZEN YOGURT,(305) 382-8700,https://www.menchies.com/location/miller-crossing
Yogurt Shops,Pg7-3,FLORIDA YOGURT,(305) 382-8700,N/A
Yogurt Shops,Pg7-4,DORAS YOGURT AND ICE CREAM,(561) 429-2497,N/A
Yogurt Shops,Pg7-5,TCBY,(561) 967-4335,http://www.tcby.com
Yogurt Shops,Pg7-6,YOGEN FRUZ,(305) 236-3500,http://www.yogenfruz.com
Yogurt Shops,Pg7-7,YUP YOGURT USA CORP,(786) 536-2252,http://yupyogurtusacorp.localsearch.com
Zoos and Botanical Gardens,Pg1-1,FLAMINGO GARDENS,(954) 473-2955,http://www.flamingogardens.org
Zoos and Botanical Gardens,Pg1-2,JUNGLE ISLAND,(305) 400-7000,https://www.jungleisland.com
Zoos and Botanical Gardens,Pg1-3,BOTANICA MATOMBO,(305) 969-4797,http://botanicamatombo.localsearch.com
Zoos and Botanical Gardens,Pg1-4,DANGER ZOO,(954) 467-1708,http://yellowpages.com/fort-lauderdale-fl/mip/danger-zoo-17143375
Zoos and Botanical Gardens,Pg1-5,BROWARD PONY RENTALS,(305) 771-4758,http://browardponyrentals.localsearch.com
Zoos and Botanical Gardens,Pg1-6,FOREST LAWN MEMORIAL GARDENS CENTRAL,(954) 581-9033,http://www.forestlawnfortlauderdale.com
Zoos and Botanical Gardens,Pg1-7,HAWAIIAN GARDENS FOR ME,(954) 635-2979,N/A
Zoos and Botanical Gardens,Pg1-8,THREE ROSES BOTAN,(954) 616-5012,N/A
Zoos and Botanical Gardens,Pg1-9,BAILEY MEMORIAL GARDENS,(954) 722-9000,http://www.baileymemorialgardens.com
Zoos and Botanical Gardens,Pg1-10,MAJESTIC GARDENS,(754) 205-0876,N/A
Zoos and Botanical Gardens,Pg1-11,BW TREE COMPANY,(954) 721-7733,N/A
Zoos and Botanical Gardens,Pg1-12,BOTANICA LA REINA MILAGROSA,(786) 663-6949,N/A
Zoos and Botanical Gardens,Pg1-13,ENLIGHTENED BOTANICALS,(305) 244-0699,https://enlightenedbotanicals.biz
Zoos and Botanical Gardens,Pg1-14,ETHEREALLY BEAUTIFUL,(954) 977-4400,N/A
Zoos and Botanical Gardens,Pg1-15,EVERGLADES BOTANICAL SERVICE,(954) 473-0173,https://www.evergladesbotanical.com
Zoos and Botanical Gardens,Pg1-16,FAMILY HORSE ACADEMY,(786) 413-6586,https://familyhorseacademy.com
Zoos and Botanical Gardens,Pg1-17,SAFARI STRUCTURES-WILDLIFE SANCTUARIES,(561) 445-2834,https://safaristructures.com
Zoos and Botanical Gardens,Pg1-18,QUEEN VIRGIN REMY GARDENS,(305) 621-8008,N/A
Zoos and Botanical Gardens,Pg1-19,ORIENT GARDEN,(561) 931-2157,https://www.orientgarden441boca.com
Zoos and Botanical Gardens,Pg1-20,LE ZOO,(305) 602-9663,https://www.lezoo.com
Zoos and Botanical Gardens,Pg1-21,BOTANICA 21 DIVISION,(305) 635-2107,http://botanica-21-division-fl.hub.biz
Zoos and Botanical Gardens,Pg1-22,MIAMI PONY RENTALS,(305) 771-4758,http://miamiponyrentals.localsearch.com
Zoos and Botanical Gardens,Pg1-23,PONIES &AMP; PETTING ZOO OF MIAMI,(305) 328-8570,http://www.ponies4party.com
Zoos and Botanical Gardens,Pg1-24,VISTA MEMORIAL GARDENS,(305) 821-1421,http://vistamemorialgardens.com
Zoos and Botanical Gardens,Pg1-25,SAWGRASS RECREATION PARK,(954) 389-0202,http://www.evergladestours.com
Zoos and Botanical Gardens,Pg1-26,BOTANICAL VISION,(561) 361-6677,http://www.botanicalvisions.com
Zoos and Botanical Gardens,Pg1-27,BOTANICA ONI ANA II,(786) 577-0367,http://onianabotanica.com
Zoos and Botanical Gardens,Pg1-28,JASON'S PLANT PROJECT,(786) 280-7180,http://jasonsplantproject.com/contact-us
Zoos and Botanical Gardens,Pg1-29,CITY OF HIALEAH PARKS,(305) 818-9168,http://www.hialeahfl.gov
Zoos and Botanical Gardens,Pg1-30,SAN LAZARO FLOWERS,(305) 884-1707,http://www.sanlazaroflowersbotanica.com
Zoos and Botanical Gardens,Pg2-1,PLANETARIUM MIAMI SPACE TRANSIT,(305) 646-4400,http://www.miamisci.org
Zoos and Botanical Gardens,Pg2-2,DOLPHIN HARBOR,(305) 365-2501,https://miamiseaquarium.com
Zoos and Botanical Gardens,Pg2-3,FAIR TROPICAL,(305) 667-1651,N/A
Zoos and Botanical Gardens,Pg2-4,NATIONAL TROPICAL BOTANICAL,(808) 332-7324,https://ntbg.org/gardens/kampong
Zoos and Botanical Gardens,Pg2-5,RIVERSIDE GORDON MEMORIAL CHAPELS AT MOUNT NEBO/KENDALL MEMORIAL GARDENS,(305) 274-0641,http://www.dignitymemorial.com
Zoos and Botanical Gardens,Pg2-6,AMERICAN ORCHID SOCIETY,(305) 740-2010,https://www.aos.org
Zoos and Botanical Gardens,Pg2-7,MONTGOMERY BOTANICAL CENTER,(305) 667-3800,http://www.montgomerybotanical.org
Zoos and Botanical Gardens,Pg2-8,FAIRCHILD TROPICAL BOTANIC GARDEN,(786) 703-1194,http://yellowpages.com/coral-gables-fl/mip/fairchild-tropical-botanic-garden-16314717
Zoos and Botanical Gardens,Pg2-9,FRANSICO 7 RAYOS,(786) 953-7518,http://yellowpages.com/miami-fl/mip/marathon-495607967
Zoos and Botanical Gardens,Pg2-10,MEMORY GARDENS MEMORIAL PARK,(561) 966-5215,N/A
Zoos and Botanical Gardens,Pg2-11,AMERICAN LANDSCAPES,(561) 501-1989,http://americanlandscapesfl.localsearch.com
Zoos and Botanical Gardens,Pg2-12,MOUNTS BOTANICAL GARDEN,(561) 233-1750,http://www.mounts.org
Zoos and Botanical Gardens,Pg2-13,SEASONS GARDENS,(305) 503-0486,https://www.rsrcares.com/senior-living/fl/miami/seasons-gardens
Zoos and Botanical Gardens,Pg2-14,ANN NORTON SCULPTURE GARDENS,(561) 832-5328,http://www.ansg.org
Zoos and Botanical Gardens,Pg2-15,FRANSICO SEVEN RAYOS,(786) 339-9825,N/A
Zoos and Botanical Gardens,Pg2-16,PATCH OF HEAVEN SANCTUARY,(305) 297-5879,http://patchofheavensanctuary.org
Zoos and Botanical Gardens,Pg2-17,SOUTH DADE GARDEN CLUB,(305) 986-8659,N/A
Zoos and Botanical Gardens,Pg2-18,BISCAYNE NATURE CENTER,(305) 361-7061,https://biscaynenaturecenter.org/visit
Zoos and Botanical Gardens,Pg2-19,THE KAMPONG,(305) 442-7169,http://ntbg.org/gardens/kampong
Zoos and Botanical Gardens,Pg2-20,SOCIETY OF THE FOUR ARTS,(561) 655-7227,http://www.fourarts.org
Zoos and Botanical Gardens,Pg2-21,DANGER ZOO,(954) 467-1708,http://yellowpages.com/fort-lauderdale-fl/mip/danger-zoo-17143375
Zoos and Botanical Gardens,Pg2-22,BROWARD PONY RENTALS,(305) 771-4758,http://browardponyrentals.localsearch.com
Zoos and Botanical Gardens,Pg2-23,BOTANICA LA REINA MILAGROSA,(786) 663-6949,N/A
Zoos and Botanical Gardens,Pg2-24,FAMILY HORSE ACADEMY,(786) 413-6586,https://familyhorseacademy.com
Zoos and Botanical Gardens,Pg2-25,LE ZOO,(305) 602-9663,https://www.lezoo.com
Zoos and Botanical Gardens,Pg2-26,BOTANICA ONI ANA II,(786) 577-0367,http://onianabotanica.com
Zoos and Botanical Gardens,Pg2-27,BOTANICA ODOMIWALE CORP,(305) 381-5834,http://harris.k12.ga.us
Zoos and Botanical Gardens,Pg2-28,THE SECRET BOTANICA,(305) 639-2998,http://thesecretbotanica.com
Zoos and Botanical Gardens,Pg2-29,MIAMI PONY RENTALS,(305) 771-4758,http://miamiponyrentals.localsearch.com
Zoos and Botanical Gardens,Pg2-30,PONIES &AMP; PETTING ZOO OF MIAMI,(305) 328-8570,http://www.ponies4party.com
Zoos and Botanical Gardens,Pg3-1,MONTGOMERY BOTANICAL CENTER,(305) 667-3800,http://www.montgomerybotanical.org
Zoos and Botanical Gardens,Pg3-2,FAIRCHILD TROPICAL BOTANIC GARDEN,(786) 703-1194,http://yellowpages.com/coral-gables-fl/mip/fairchild-tropical-botanic-garden-16314717
Zoos and Botanical Gardens,Pg3-3,FRANSICO 7 RAYOS,(786) 953-7518,http://yellowpages.com/miami-fl/mip/marathon-495607967
Zoos and Botanical Gardens,Pg3-4,MEMORY GARDENS MEMORIAL PARK,(561) 966-5215,N/A
Zoos and Botanical Gardens,Pg3-5,AMERICAN LANDSCAPES,(561) 501-1989,http://americanlandscapesfl.localsearch.com
Zoos and Botanical Gardens,Pg3-6,TROPICS CAFE,(561) 547-7000,https://www.palmbeachzoo.org
Zoos and Botanical Gardens,Pg3-7,ZOOLOGICAL SOCIETY OF PALM BEACH,(561) 533-0518,http://palmbeachzoo.org
Zoos and Botanical Gardens,Pg3-8,MINA'S EVENTS &AMP; MINI FARM,(305) 984-2480,N/A
Zoos and Botanical Gardens,Pg3-9,MOUNTS BUILDING,(561) 233-1757,http://mounts.org
Zoos and Botanical Gardens,Pg3-10,MOUNTS BOTANICAL GARDEN,(561) 233-1750,http://www.mounts.org
Zoos and Botanical Gardens,Pg3-11,THE GOOD EARTH FARM CHILDREN'S ZOO ANIMAL SANCTUARY,(561) 792-2666,N/A
Zoos and Botanical Gardens,Pg3-12,PALM BEACH PONY RENTAL,(305) 771-4758,http://palmbeachponyrental.localsearch.com
Zoos and Botanical Gardens,Pg3-13,SEASONS GARDENS,(305) 503-0486,https://www.rsrcares.com/senior-living/fl/miami/seasons-gardens
Zoos and Botanical Gardens,Pg3-14,ANN NORTON SCULPTURE GARDENS,(561) 832-5328,http://www.ansg.org
Zoos and Botanical Gardens,Pg3-15,ZOOLOGICAL WILDLIFE FOUNDATION,(305) 969-3696,http://www.zwfmiami.com
Zoos and Botanical Gardens,Pg3-16,SOCIETY OF THE FOUR ARTS,(561) 655-7227,http://www.fourarts.org
Zoos and Botanical Gardens,Pg3-17,THE GOOD EARTH FARM AND FOUNDATION INC,(561) 792-2666,https://www.facebook.com/www.goodearthfarm.info
Zoos and Botanical Gardens,Pg3-18,THE GOOD EARTH FARM AND FOUNDATION INC,(561) 792-2666,N/A
Zoos and Botanical Gardens,Pg3-19,ADVANCED BOTANICALS,(561) 318-7454,N/A
Zoos and Botanical Gardens,Pg3-20,FRANSICO SEVEN RAYOS,(786) 339-9825,N/A
Zoos and Botanical Gardens,Pg3-21,MONKEY JUNGLE,(305) 235-1611,http://www.monkeyjungle.com
Zoos and Botanical Gardens,Pg3-22,PATCH OF HEAVEN SANCTUARY,(305) 297-5879,http://patchofheavensanctuary.org
Zoos and Botanical Gardens,Pg3-23,SOUTH DADE GARDEN CLUB,(305) 986-8659,N/A
Zoos and Botanical Gardens,Pg3-24,SOURTHERN BOTANICALS,(954) 752-5001,http://sourthernbotanicals.localsearch.com
Zoos and Botanical Gardens,Pg3-25,BOTANICAL GARDENS FLORIST &AMP; FOLIAGE,(305) 914-4404,http://botanicalgardensfloristfoliage.localsearch.com
Zoos and Botanical Gardens,Pg3-26,QUALITY INN MIAMI SOUTH,(305) 251-2000,http://www.qualityinn.com
Zoos and Botanical Gardens,Pg3-27,MOUNTS BOTANICAL GARDEN,(561) 233-1757,http://www.mounts.org
Zoos and Botanical Gardens,Pg3-28,D'ASIGN SOURCE BOTANICALS,(561) 333-6889,http://www.dasignsourcebotanicals.com